inventoryid,store,city,brand,description,size,onhand,price,startdate
57_LANTEGLOS_3487,57,LANTEGLOS,3487,Stolichnaya Blueberi,750mL,12,16.99,2016-01-01
72_HARDERSFIELD_42579,72,HARDERSFIELD,42579,Voga del Venezie Pnt Grigio,750mL,10,9.99,2016-01-01
6_GOULCREST_5058,6,GOULCREST,5058,Capt Morgan Long Isl Tea RTD,1.75L,7,17.99,2016-01-01
15_WANBORNE_58,15,WANBORNE,58,Gekkeikan Black & Gold Sake,750mL,9,12.99,2016-01-01
31_HORNSEY_4897,31,HORNSEY,4897,Remy Martin VSOP Cognac,50mL,17,4.49,2016-01-01
23_ARBINGTON_35668,23,ARBINGTON,35668,Redwood Creek Merlot Cal,1.5L,23,10.99,2016-01-01
75_BARNCOMBE_8627,75,BARNCOMBE,8627,Jadot Beaujolais Villages,750mL,20,7.98,2016-01-01
33_HORNSEY_42602,33,HORNSEY,42602,3 Blind Moose Chard Cal,750mL,7,8.99,2016-01-01
57_LANTEGLOS_38133,57,LANTEGLOS,38133,Il Bastardo Sangiovese Tosc,750mL,59,7.99,2016-01-01
39_EASTHALLOW_3396,39,EASTHALLOW,3396,Smirnoff Vanilla Vodka,1.75L,19,17.99,2016-01-01
10_HORNSEY_159,10,HORNSEY,159,Glenmorangie Original VAP,750mL + 2/,34,34.99,2016-01-01
51_ABERDEEN_34428,51,ABERDEEN,34428,Frei Bros RSV Chard RRV,750mL,63,15.99,2016-01-01
79_BALLYMENA_34219,79,BALLYMENA,34219,Simi Merlot,750mL,7,16.99,2016-01-01
48_NORFOLK_8233,48,NORFOLK,8233,Beaulieu Cab Svgn Rutherford,750mL,2,21.99,2016-01-01
48_NORFOLK_5148,48,NORFOLK,5148,St Brendans Irish Cream,1.75L,7,17.99,2016-01-01
9_BLACKPOOL_2723,9,BLACKPOOL,2723,J & B Rare,1.75L,25,29.99,2016-01-01
61_AETHELNEY_4829,61,AETHELNEY,4829,Mr Boston Blackberry Brandy,1.75L,12,13.99,2016-01-01
45_VERITAS_5339,45,VERITAS,5339,Drambuie,50mL,24,3.29,2016-01-01
44_PORTHCRAWL_5316,44,PORTHCRAWL,5316,Amaretto DiSaronno,50mL,44,2.29,2016-01-01
1_HARDERSFIELD_32968,1,HARDERSFIELD,32968,Alice White Chard Ausl,1.5L,18,13.99,2016-01-01
38_GOULCREST_4416,38,GOULCREST,4416,Cruzan Coconut Flavored Rum,750mL,16,9.99,2016-01-01
57_LANTEGLOS_3054,57,LANTEGLOS,3054,Smirnoff Kissed Caramel,750mL,17,10.99,2016-01-01
60_IRRAGIN_18778,60,IRRAGIN,18778,Once Upon A Vine Pnt Nr,750mL,2,9.99,2016-01-01
34_PITMERDEN_1657,34,PITMERDEN,1657,Dalwhinnie Distillers Edtion,750mL,10,69.99,2016-01-01
38_GOULCREST_13979,38,GOULCREST,13979,Jos Phelps Pnt Nr,750mL,9,34.99,2016-01-01
27_MOUNTMEND_24907,27,MOUNTMEND,24907,Bogle Old Vine Znfdl Cal,750mL,18,9.99,2016-01-01
75_BARNCOMBE_199,75,BARNCOMBE,199,Wisdom & Warter Cream Sherry,750mL,3,4.99,2016-01-01
50_MOUNTMEND_1384,50,MOUNTMEND,1384,Bulleit 95 Rye,750mL,59,27.99,2016-01-01
75_BARNCOMBE_25883,75,BARNCOMBE,25883,Honig Cab Svgn Napa,750mL,12,36.99,2016-01-01
7_STANMORE_35581,7,STANMORE,35581,Frogs Leap Merlot Napa,750mL,7,36.99,2016-01-01
69_MOUNTMEND_33873,69,MOUNTMEND,33873,Bella Sera Pnt Grigio Del,750mL,13,6.49,2016-01-01
23_ARBINGTON_18013,23,ARBINGTON,18013,Cecchi Sangiovese,750mL,12,7.99,2016-01-01
31_HORNSEY_25995,31,HORNSEY,25995,Gallo Cafe Znfdl Cal,1.5L,9,9.99,2016-01-01
34_PITMERDEN_22362,34,PITMERDEN,22362,Barefoot Bubbly Peach Fusion,750mL,0,9.99,2016-01-01
13_TARMSWORTH_6881,13,TARMSWORTH,6881,Midnight Moon Cranberry,750mL,7,19.99,2016-01-01
69_MOUNTMEND_17981,69,MOUNTMEND,17981,If You See Kay Red Blend,750mL,4,17.99,2016-01-01
19_WINTERVALE_27461,19,WINTERVALE,27461,Ecco Domani Pnt Grigio Venez,750mL,16,8.99,2016-01-01
63_SWORDBREAK_254,63,SWORDBREAK,254,DeKuyper Root Beer Schnapps,Liter,10,10.99,2016-01-01
48_NORFOLK_2899,48,NORFOLK,2899,Laphroiag Select Single Malt,750mL,5,52.99,2016-01-01
1_HARDERSFIELD_32915,1,HARDERSFIELD,32915,Kim Crawford Svgn Bl Marlbro,750mL,30,14.99,2016-01-01
75_BARNCOMBE_2591,75,BARNCOMBE,2591,Cardhu Scotch,750mL,3,39.99,2016-01-01
7_STANMORE_3046,7,STANMORE,3046,Ciroc Peach Vodka,1.75L,6,47.99,2016-01-01
51_ABERDEEN_4153,51,ABERDEEN,4153,Jenkins Rum,1.75L,9,11.99,2016-01-01
68_SOLARIS_34134,68,SOLARIS,34134,Turning Leaf RSV Chard Cal,1.5L,8,9.99,2016-01-01
48_NORFOLK_6918,48,NORFOLK,6918,Franzia Tap Cab Svgn,5L,16,17.99,2016-01-01
19_WINTERVALE_3233,19,WINTERVALE,3233,Belvedere Wild Berry,750mL,6,22.99,2016-01-01
42_BLACK HOLLOW_18284,42,BLACK HOLLOW,18284,Michele Chiarlo Arneis,750mL,8,16.99,2016-01-01
61_AETHELNEY_2035,61,AETHELNEY,2035,Glen Moray Classic Scotch,750mL,9,19.99,2016-01-01
75_BARNCOMBE_8101,75,BARNCOMBE,8101,Tanqueray,50mL,85,1.99,2016-01-01
48_NORFOLK_6429,48,NORFOLK,6429,C Y Toro Frontera Svgn Bl,1.5L,6,10.99,2016-01-01
1_HARDERSFIELD_3648,1,HARDERSFIELD,3648,UV Ruby Red Grapefruit Vodka,750mL,10,8.99,2016-01-01
22_SHARNWICK_5060,22,SHARNWICK,5060,Dr McGillicuddy's Butterscth,750mL,16,12.99,2016-01-01
45_VERITAS_8929,45,VERITAS,8929,Sebastiani Chard Sonoma,750mL,13,12.99,2016-01-01
10_HORNSEY_4149,10,HORNSEY,4149,Sailor Jerry Spiced Navy Rum,50mL,87,1.49,2016-01-01
54_GUTHRAM_2164,54,GUTHRAM,2164,New Amsterdam Gin,1.75L,7,16.99,2016-01-01
41_LARNWICK_2783,41,LARNWICK,2783,Lauders Scotch,1.75L,25,13.99,2016-01-01
79_BALLYMENA_2737,79,BALLYMENA,2737,Teeling Irish Whiskey,750mL,5,34.99,2016-01-01
1_HARDERSFIELD_32367,1,HARDERSFIELD,32367,Cavit Pinot Noir Delle Vene,750mL,22,8.99,2016-01-01
22_SHARNWICK_2164,22,SHARNWICK,2164,New Amsterdam Gin,1.75L,44,16.99,2016-01-01
44_PORTHCRAWL_6186,44,PORTHCRAWL,6186,Rene Junot White,1.5L,3,11.99,2016-01-01
36_LEWES_686,36,LEWES,686,Midnight Moon Cherry,750mL,14,19.99,2016-01-01
55_DRY GULCH_6595,55,DRY GULCH,6595,Bogle Merlot,750mL,146,7.99,2016-01-01
40_BULLMAR_2893,40,BULLMAR,2893,Glenmorangie Quinta Ruban,750mL,3,49.99,2016-01-01
79_BALLYMENA_8444,79,BALLYMENA,8444,Tres Agaves Blanco Tequila,750mL,3,23.99,2016-01-01
34_PITMERDEN_37822,34,PITMERDEN,37822,Frescobaldi Chianti RSV Nip,750mL,10,23.49,2016-01-01
2_ASHBORNE_4734,2,ASHBORNE,4734,Capt Morgan Cannon Blast,750mL,29,14.99,2016-01-01
46_TYWARDREATH_34439,46,TYWARDREATH,34439,Toad Hollow Mendocino Chard,750mL,4,15.99,2016-01-01
25_CAERSHIRE_3731,25,CAERSHIRE,3731,Absolut Apeach,750mL,12,17.99,2016-01-01
15_WANBORNE_1065,15,WANBORNE,1065,DiSaronno Cavalli Collection,50mL 3 Pk,1,12.99,2016-01-01
17_OLDHAM_8693,17,OLDHAM,8693,Ezra Brooks,750mL,16,9.99,2016-01-01
72_HARDERSFIELD_3760,72,HARDERSFIELD,3760,Absolut Pears,750mL,13,17.99,2016-01-01
70_KELD_8110,70,KELD,8110,Tribuno Dry Vermouth,1.5L,10,8.99,2016-01-01
62_KILMARNOCK_38370,62,KILMARNOCK,38370,Oyster Bay Svgn Bl Marlboro,750mL,19,10.99,2016-01-01
44_PORTHCRAWL_6854,44,PORTHCRAWL,6854,Carlo Rossi Burgundy Calif,4L,6,14.99,2016-01-01
54_GUTHRAM_35413,54,GUTHRAM,35413,Yellow Tail Shiraz Ausl,750mL,29,7.99,2016-01-01
66_EANVERNESS_8606,66,EANVERNESS,8606,Baileys Espresso Creme,50mL,3,0.99,2016-01-01
39_EASTHALLOW_8149,39,EASTHALLOW,8149,Sebastiani Cab Svgn Sonoma,750mL,19,19.99,2016-01-01
41_LARNWICK_5758,41,LARNWICK,5758,1800 Ultimate Margarita RTD,1.75L,9,19.99,2016-01-01
76_DONCASTER_24262,76,DONCASTER,24262,Red Car Fort Ross Pnt Nr Sea,750mL,12,62.99,2016-01-01
23_ARBINGTON_2679,23,ARBINGTON,2679,Dewars Highlander Honey,750mL,35,19.99,2016-01-01
4_EANVERNESS_3701,4,EANVERNESS,3701,UV Sangria Vodka,50mL,60,0.99,2016-01-01
33_HORNSEY_538,33,HORNSEY,538,Amaretto DiSaronno,375mL,4,10.99,2016-01-01
25_CAERSHIRE_26557,25,CAERSHIRE,26557,King Est Pnt Gris Ore,750mL,5,16.99,2016-01-01
67_EANVERNESS_20129,67,EANVERNESS,20129,Melee Grenache,750mL,3,23.99,2016-01-01
34_PITMERDEN_3768,34,PITMERDEN,3768,Jenkins Vodka,750mL,37,4.99,2016-01-01
46_TYWARDREATH_2015,46,TYWARDREATH,2015,Jack Daniels Tennessee Honey,750mL,40,26.99,2016-01-01
55_DRY GULCH_7266,55,DRY GULCH,7266,Fonseca Bin No 27,750mL,12,13.99,2016-01-01
54_GUTHRAM_44037,54,GUTHRAM,44037,Barefoot Pnt Grigio Cal,750mL,23,4.99,2016-01-01
39_EASTHALLOW_7728,39,EASTHALLOW,7728,Great Western X Dry,750mL,39,9.99,2016-01-01
38_GOULCREST_19406,38,GOULCREST,19406,Dow's 10 Yr Old Tawny Port,750mL,4,32.99,2016-01-01
2_ASHBORNE_1323,2,ASHBORNE,1323,Early Times,1.75L,22,17.99,2016-01-01
41_LARNWICK_4223,41,LARNWICK,4223,Bacardi Gold Rum,1.75L,33,19.99,2016-01-01
47_PELLA'S WISH_2366,47,PELLA'S WISH,2366,Templeton Rye Whiskey,750mL,2,34.99,2016-01-01
79_BALLYMENA_12666,79,BALLYMENA,12666,Carpineto Dogajolo Tuscan Wh,750mL,69,12.99,2016-01-01
47_PELLA'S WISH_5212,47,PELLA'S WISH,5212,Margaritaville Silver,1.75L,5,19.99,2016-01-01
71_CLARCTON_23998,71,CLARCTON,23998,Belguardo Serrata Toscana,750mL,0,9.99,2016-01-01
49_GARIGILL_36344,49,GARIGILL,36344,Latour Pinot Noir Valmoissin,750mL,10,14.99,2016-01-01
74_PAENTMARWY_42122,74,PAENTMARWY,42122,Smoking Loon Svgn Bl Cal,750mL,9,9.99,2016-01-01
41_LARNWICK_3278,41,LARNWICK,3278,Gordons London Dry,750mL,28,7.99,2016-01-01
41_LARNWICK_25846,41,LARNWICK,25846,Groth Svgn Bl Napa Valley,750mL,7,19.99,2016-01-01
39_EASTHALLOW_5502,39,EASTHALLOW,5502,RumChata Liqueur,50mL,1,0.99,2016-01-01
17_OLDHAM_2468,17,OLDHAM,2468,Crown Royal Nrth Harvest Rye,750mL,8,27.99,2016-01-01
7_STANMORE_2302,7,STANMORE,2302,St George Botanivore Gin,750mL,7,29.99,2016-01-01
60_IRRAGIN_34175,60,IRRAGIN,34175,Lindemans Bin 50 Shiraz,1.5L,21,9.99,2016-01-01
22_SHARNWICK_17175,22,SHARNWICK,17175,Beringer Classic Cab Svgn,1.5L,28,7.99,2016-01-01
23_ARBINGTON_6183,23,ARBINGTON,6183,Clos du Bois Svgn Bl N Cst,750mL,29,8.99,2016-01-01
18_FURNESS_8018,18,FURNESS,8018,La Vieille Ferme Red Ventoux,750mL,13,6.99,2016-01-01
10_HORNSEY_1060,10,HORNSEY,1060,Jack Daniels Bruins Glass Pk,Liter,7,27.99,2016-01-01
35_HALIVAARA_5401,35,HALIVAARA,5401,Jagermeister Liqueur,200mL,44,5.99,2016-01-01
25_CAERSHIRE_32675,25,CAERSHIRE,32675,Blackstone Cab Svgn Cal,750mL,15,7.99,2016-01-01
67_EANVERNESS_8200,67,EANVERNESS,8200,Chambord Liqueur de France,50mL,41,2.99,2016-01-01
38_GOULCREST_40106,38,GOULCREST,40106,Peter Lehmann Clancy's Baros,750mL,2,18.99,2016-01-01
60_IRRAGIN_45063,60,IRRAGIN,45063,Cecchi Bonizio Red Blend,750mL,15,8.99,2016-01-01
61_AETHELNEY_26817,61,AETHELNEY,26817,Ravenswood Vntrs Blnd Merlot,750mL,18,8.99,2016-01-01
73_DONCASTER_25076,73,DONCASTER,25076,Jadot Monthelie 13 Sous Roch,750mL,6,34.99,2016-01-01
60_IRRAGIN_28162,60,IRRAGIN,28162,Villa Maria Chard NZ,750mL,13,12.99,2016-01-01
61_AETHELNEY_6293,61,AETHELNEY,6293,Fetzer Gewurz,750mL,29,9.99,2016-01-01
43_WOLFORD_3747,43,WOLFORD,3747,Gordons Vodka Traveler,750mL,7,6.99,2016-01-01
1_HARDERSFIELD_46621,1,HARDERSFIELD,46621,Erath Pnt Nr Estate OR,750mL,2,23.99,2016-01-01
8_ALNERWICK_3980,8,ALNERWICK,3980,Hornitos Reposado Tequila,1.75L,17,39.99,2016-01-01
59_CLAETHORPES_4818,59,CLAETHORPES,4818,Skyy Infusions Pacific Blueb,750mL,28,12.99,2016-01-01
67_EANVERNESS_2082,67,EANVERNESS,2082,Balvenie 15 Yr Sherry Cask,750mL,11,109.99,2016-01-01
63_SWORDBREAK_37313,63,SWORDBREAK,37313,Salmon Run NY Rsl,750mL,20,11.99,2016-01-01
6_GOULCREST_26391,6,GOULCREST,26391,Pepperwood Grove Chard,750mL,3,7.99,2016-01-01
55_DRY GULCH_5771,55,DRY GULCH,5771,Art In The Age Snap,750mL,8,29.99,2016-01-01
52_GRAYCOTT_8599,52,GRAYCOTT,8599,Jenkins Amaretto,750mL,16,5.99,2016-01-01
29_AYLESBURY_15527,29,AYLESBURY,15527,Roscato Rosso,750mL,12,9.99,2016-01-01
61_AETHELNEY_58,61,AETHELNEY,58,Gekkeikan Black & Gold Sake,750mL,14,12.99,2016-01-01
41_LARNWICK_43918,41,LARNWICK,43918,Farnum Hill X-Dry Cider,750mL,8,11.99,2016-01-01
68_SOLARIS_21673,68,SOLARIS,21673,Juan Gil Dry Wh Muscat Jumil,750mL,4,9.99,2016-01-01
54_GUTHRAM_1483,54,GUTHRAM,1483,DeKuyper Cane Trial Pack,50mL 4 Pk,1,2.99,2016-01-01
18_FURNESS_16262,18,FURNESS,16262,The Dreaming Tree Crush Red,750mL,3,11.99,2016-01-01
46_TYWARDREATH_23650,46,TYWARDREATH,23650,Tom Gore Chardonnay CA,750mL,7,12.99,2016-01-01
69_MOUNTMEND_34802,69,MOUNTMEND,34802,Dom Diochon Moulin-a-Vent,750mL,24,17.99,2016-01-01
6_GOULCREST_8143,6,GOULCREST,8143,Perrier Jouet Grand Brut,750mL,12,34.99,2016-01-01
2_ASHBORNE_24592,2,ASHBORNE,24592,Vendange Cab Svgn,1.5L,104,6.99,2016-01-01
1_HARDERSFIELD_22340,1,HARDERSFIELD,22340,Gerard Bertrand Languedoc Rg,750mL,0,10.99,2016-01-01
65_LUTON_5410,65,LUTON,5410,Raspberry di Amore,750mL,15,7.99,2016-01-01
32_MOUNTMEND_8455,32,MOUNTMEND,8455,R Mondavi Fume Bl Napa Vly,750mL,13,16.99,2016-01-01
61_AETHELNEY_2366,61,AETHELNEY,2366,Templeton Rye Whiskey,750mL,16,34.99,2016-01-01
15_WANBORNE_20419,15,WANBORNE,20419,Spalletti Toscana Rosso Palz,750mL,56,19.49,2016-01-01
40_BULLMAR_5447,40,BULLMAR,5447,Jagermeister Liqueur,375mL,4,9.99,2016-01-01
68_SOLARIS_16891,68,SOLARIS,16891,The Seeker Svgn Bl,750mL,12,11.99,2016-01-01
52_GRAYCOTT_2788,52,GRAYCOTT,2788,Laphroaig 10 Yr Single Malt,750mL,9,39.99,2016-01-01
12_LEESIDE_1384,12,LEESIDE,1384,Bulleit 95 Rye,750mL,13,27.99,2016-01-01
10_HORNSEY_1278,10,HORNSEY,1278,Jim Beam Black,1.75L,10,35.99,2016-01-01
68_SOLARIS_685,68,SOLARIS,685,Caravan Cab Svgn,750mL,10,49.99,2016-01-01
69_MOUNTMEND_21041,69,MOUNTMEND,21041,Alexander Vly Vyds Merlot,750mL,8,15.99,2016-01-01
49_GARIGILL_1771,49,GARIGILL,1771,Jack Daniels Tennessee Fire,50mL,0,2.99,2016-01-01
39_EASTHALLOW_5817,39,EASTHALLOW,5817,GranGala Triple Orange,1.75L,6,29.99,2016-01-01
11_CARDEND_12944,11,CARDEND,12944,Middle Sister Rebel Red,750mL,7,9.99,2016-01-01
16_LUNDY_8236,16,LUNDY,8236,Jim Beam,50mL,17,1.49,2016-01-01
49_GARIGILL_36088,49,GARIGILL,36088,Dom Poujol Rose Coteaux du,750mL,29,16.99,2016-01-01
39_EASTHALLOW_4245,39,EASTHALLOW,4245,Bacardi Superior Rum,750mL,42,9.99,2016-01-01
60_IRRAGIN_4280,60,IRRAGIN,4280,Capt Morgan Parrot Bay Coco,1.75L,6,23.99,2016-01-01
3_HORNSEY_5735,3,HORNSEY,5735,Malibu Rum,750mL,6,12.99,2016-01-01
14_BROMWICH_24327,14,BROMWICH,24327,La Crema Pnt Nr Sonoma Cst,750mL,19,19.99,2016-01-01
37_PAETHSMOUTH_11219,37,PAETHSMOUTH,11219,Josh Cellars Cab Svgn Sonoma,750mL,15,13.99,2016-01-01
75_BARNCOMBE_3788,75,BARNCOMBE,3788,Patron Silver Tequila,375mL,14,25.99,2016-01-01
14_BROMWICH_35913,14,BROMWICH,35913,Stone Cellars Cab Svgn,1.5L,12,8.99,2016-01-01
33_HORNSEY_38406,33,HORNSEY,38406,Simi Landslide Cab Svgn Alex,750mL,2,23.99,2016-01-01
8_ALNERWICK_5365,8,ALNERWICK,5365,Kahlua,750mL,39,18.99,2016-01-01
49_GARIGILL_45848,49,GARIGILL,45848,Kendall Jackson Summation Re,750mL,39,9.95,2016-01-01
2_ASHBORNE_46458,2,ASHBORNE,46458,Layer Cake Barosa Shiraz,750mL,7,11.95,2016-01-01
33_HORNSEY_3472,33,HORNSEY,3472,Cazadores Blanco Tequila,750mL,8,14.99,2016-01-01
61_AETHELNEY_8172,61,AETHELNEY,8172,DK Burst Blustery Peppermint,50mL,36,0.99,2016-01-01
79_BALLYMENA_14279,79,BALLYMENA,14279,Movendo Moscato,750mL,12,10.99,2016-01-01
73_DONCASTER_12901,73,DONCASTER,12901,Madria Sangria,1.5L,17,8.99,2016-01-01
65_LUTON_567,65,LUTON,567,Ketel One Vodka,Liter,6,28.99,2016-01-01
71_CLARCTON_24193,71,CLARCTON,24193,Ch Montaud Cotes de Provence,1.5L,5,23.99,2016-01-01
22_SHARNWICK_3396,22,SHARNWICK,3396,Smirnoff Vanilla Vodka,1.75L,23,17.99,2016-01-01
70_KELD_16669,70,KELD,16669,Sweet Baby Vyds Blueberry,750mL,3,12.99,2016-01-01
14_BROMWICH_2957,14,BROMWICH,2957,Glenfarclas 12-Yr Scotch,750mL,6,35.99,2016-01-01
32_MOUNTMEND_1476,32,MOUNTMEND,1476,Jim Beam Traveler,1.75L,0,21.99,2016-01-01
69_MOUNTMEND_21477,69,MOUNTMEND,21477,Ch Canon Saint Emilion,750mL,11,129.99,2016-01-01
61_AETHELNEY_16261,61,AETHELNEY,16261,The Dreaming Tree CC Chard,750mL,35,12.99,2016-01-01
30_CULCHETH_38772,30,CULCHETH,38772,Rob Stuart Big Fire Pnt Nr,750mL,8,16.99,2016-01-01
30_CULCHETH_21032,30,CULCHETH,21032,Taylor Fladgate 10-Yr Tawny,750mL,12,22.99,2016-01-01
63_SWORDBREAK_3410,63,SWORDBREAK,3410,American Harvest Organic,750mL,13,16.99,2016-01-01
35_HALIVAARA_8103,35,HALIVAARA,8103,Sauza Gold Tequila,50mL,349,0.99,2016-01-01
15_WANBORNE_4289,15,WANBORNE,4289,Silver Root Marley Rum,750mL,6,14.99,2016-01-01
65_LUTON_5311,65,LUTON,5311,Amaretto DiSaronno,1.75L,6,34.99,2016-01-01
21_BALERNO_38546,21,BALERNO,38546,Mark West Pnt Nr Sonoma,750mL,83,8.99,2016-01-01
71_CLARCTON_32263,71,CLARCTON,32263,Lindemans Bin 65 Chard,1.5L,20,9.99,2016-01-01
38_GOULCREST_6293,38,GOULCREST,6293,Fetzer Gewurz,750mL,27,9.99,2016-01-01
27_MOUNTMEND_2979,27,MOUNTMEND,2979,Bowmore 12-Yr Scotch,750mL,6,44.99,2016-01-01
63_SWORDBREAK_6214,63,SWORDBREAK,6214,Taylor Red Port,3L,2,13.99,2016-01-01
59_CLAETHORPES_6021,59,CLAETHORPES,6021,Jackson Morgan Pepmint Mocha,750mL,4,22.99,2016-01-01
61_AETHELNEY_4228,61,AETHELNEY,4228,Bacardi 8,750mL,9,19.99,2016-01-01
55_DRY GULCH_46947,55,DRY GULCH,46947,Murphy-Goode Merlot Alexandr,750mL,17,12.99,2016-01-01
62_KILMARNOCK_5027,62,KILMARNOCK,5027,99 Apples Schnapps Liqueur,750mL,11,11.99,2016-01-01
20_BREDWARDINE_5817,20,BREDWARDINE,5817,GranGala Triple Orange,1.75L,14,29.99,2016-01-01
34_PITMERDEN_24498,34,PITMERDEN,24498,Cuvaison Chard,750mL,9,24.99,2016-01-01
69_MOUNTMEND_23896,69,MOUNTMEND,23896,Riebeek Cellars Cape Rose,750mL,18,12.99,2016-01-01
12_LEESIDE_4624,12,LEESIDE,4624,Meukow 90,750mL,3,19.99,2016-01-01
69_MOUNTMEND_35666,69,MOUNTMEND,35666,Redwood Creek Chard Cal,1.5L,23,9.99,2016-01-01
56_BEGGAR'S HOLE_40098,56,BEGGAR'S HOLE,40098,Black Box Merlot Cal,3L,15,18.99,2016-01-01
66_EANVERNESS_20968,66,EANVERNESS,20968,Ninety+Cellars Lot 113 B Red,750mL,12,8.99,2016-01-01
35_HALIVAARA_18875,35,HALIVAARA,18875,Di Padrino Dry Vermouth,1.5L,3,7.99,2016-01-01
66_EANVERNESS_25381,66,EANVERNESS,25381,Selbach-Oster Riesling,750mL,9,16.99,2016-01-01
10_HORNSEY_3549,10,HORNSEY,3549,Ketel One Vodka,750mL,29,22.99,2016-01-01
10_HORNSEY_19798,10,HORNSEY,19798,Jadot Beaujolais Villages,375mL,19,3.99,2016-01-01
69_MOUNTMEND_22547,69,MOUNTMEND,22547,Jadot Savigny Narbantons 12,750mL,1,34.99,2016-01-01
28_LARNWICK_8288,28,LARNWICK,8288,Korbel Brut,750mL,0,11.99,2016-01-01
2_ASHBORNE_8092,2,ASHBORNE,8092,Johnnie Walker Red Label,50mL,27,2.29,2016-01-01
66_EANVERNESS_388,66,EANVERNESS,388,Smirnoff 80 Proof,Liter,48,14.49,2016-01-01
65_LUTON_32989,65,LUTON,32989,Barefoot Cab Svgn Cal,1.5L,9,10.99,2016-01-01
76_DONCASTER_859,76,DONCASTER,859,Beefeater Gin,Liter,12,22.99,2016-01-01
55_DRY GULCH_33326,55,DRY GULCH,33326,Jacobs Crk Shiraz,750mL,28,7.99,2016-01-01
50_MOUNTMEND_16494,50,MOUNTMEND,16494,Tenuta di Arceno Chianti Cls,750mL,9,18.99,2016-01-01
50_MOUNTMEND_7986,50,MOUNTMEND,7986,Sapling Vermont Maple Liquer,750mL,7,29.99,2016-01-01
20_BREDWARDINE_2769,20,BREDWARDINE,2769,Laphroaig Quarter Cask,750mL,5,52.99,2016-01-01
34_PITMERDEN_19376,34,PITMERDEN,19376,The Naked Grape Pnt Grigio,3L,10,17.99,2016-01-01
64_CESTERFIELD_15528,64,CESTERFIELD,15528,Cannonball Chard,750mL,19,13.99,2016-01-01
21_BALERNO_24003,21,BALERNO,24003,Corbett Canyon Cab Svgn,1.5L,14,8.99,2016-01-01
26_KNIFE'S EDGE_6214,26,KNIFE'S EDGE,6214,Taylor Red Port,3L,10,13.99,2016-01-01
33_HORNSEY_3731,33,HORNSEY,3731,Absolut Apeach,750mL,9,17.99,2016-01-01
69_MOUNTMEND_14386,69,MOUNTMEND,14386,Tarima Monastrell Jumilla,750mL,24,10.99,2016-01-01
10_HORNSEY_32988,10,HORNSEY,32988,Barefoot Cab Svgn Cal,750mL,18,4.99,2016-01-01
38_GOULCREST_18881,38,GOULCREST,18881,Middle Sister Pnt Nr Goodie,750mL,7,9.99,2016-01-01
21_BALERNO_5378,21,BALERNO,5378,Galliano L'Autentico Liqueur,750mL,3,25.99,2016-01-01
53_HILLFAR_2859,53,HILLFAR,2859,Bushmills Irish Honey,750mL,7,19.99,2016-01-01
21_BALERNO_22842,21,BALERNO,22842,Corral De Peidra Cab Svgn,750mL,8,10.99,2016-01-01
49_GARIGILL_18865,49,GARIGILL,18865,Mirafiore Barolo,750mL,19,35.99,2016-01-01
2_ASHBORNE_35976,2,ASHBORNE,35976,Zeller Schwarze Rsl Valcknbg,750mL,7,9.99,2016-01-01
63_SWORDBREAK_2412,63,SWORDBREAK,2412,JP Wiser's Rye,750mL,5,19.99,2016-01-01
76_DONCASTER_13489,76,DONCASTER,13489,Don Miguel Gascon Malbec Rsv,750mL,19,18.99,2016-01-01
5_SUTTON_3706,5,SUTTON,3706,Pinnacle Citrus Vodka,1.75L,10,16.99,2016-01-01
74_PAENTMARWY_6270,74,PAENTMARWY,6270,Shady Fruit Valencia Orange,50mL,120,0.99,2016-01-01
49_GARIGILL_3268,49,GARIGILL,3268,Pinnacle CranApple Vodka,750mL,17,9.99,2016-01-01
67_EANVERNESS_19740,67,EANVERNESS,19740,Ch St Jean Alexander Cab Svg,750mL,18,29.99,2016-01-01
26_KNIFE'S EDGE_497,26,KNIFE'S EDGE,497,Capt Morgan Spiced Rum,Liter,9,19.99,2016-01-01
15_WANBORNE_14475,15,WANBORNE,14475,Belcreme de Lys Chard,750mL,17,9.99,2016-01-01
50_MOUNTMEND_2438,50,MOUNTMEND,2438,Crown Royal Special Reserve,1.75L,8,72.99,2016-01-01
20_BREDWARDINE_2476,20,BREDWARDINE,2476,Crown Royal Maple Whisky,750mL,26,21.99,2016-01-01
6_GOULCREST_5218,6,GOULCREST,5218,Chila Orchata Cinnamon Cream,750mL,14,13.99,2016-01-01
14_BROMWICH_3601,14,BROMWICH,3601,Remy Martin V,750mL,1,36.99,2016-01-01
75_BARNCOMBE_39775,75,BARNCOMBE,39775,Bogle Svgn Bl Cal,750mL,12,8.99,2016-01-01
24_PALPERROTH_6226,24,PALPERROTH,6226,Marcus James Chard,1.5L,12,7.99,2016-01-01
19_WINTERVALE_43924,19,WINTERVALE,43924,Farnum Hill Kingston Blk RSV,750mL,0,15.49,2016-01-01
10_HORNSEY_3533,10,HORNSEY,3533,Lidestri Pink Limoncello,750mL,9,18.99,2016-01-01
72_HARDERSFIELD_8962,72,HARDERSFIELD,8962,Pimms Cup No 1,750mL,13,17.99,2016-01-01
50_MOUNTMEND_18884,50,MOUNTMEND,18884,Hess Treo Winemaker's Blend,750mL,6,15.99,2016-01-01
1_HARDERSFIELD_3755,1,HARDERSFIELD,3755,Russian Standard Original,750mL,4,15.99,2016-01-01
76_DONCASTER_2398,76,DONCASTER,2398,Tullamore Dew,750mL,36,22.99,2016-01-01
15_WANBORNE_33873,15,WANBORNE,33873,Bella Sera Pnt Grigio Del,750mL,13,6.49,2016-01-01
23_ARBINGTON_38180,23,ARBINGTON,38180,Rex Goliath Merlot,750mL,26,5.99,2016-01-01
18_FURNESS_15229,18,FURNESS,15229,The Prisoner Red Napa Valley,750mL,16,39.95,2016-01-01
33_HORNSEY_4959,33,HORNSEY,4959,Bacardi Tangerine,50mL,101,0.99,2016-01-01
17_OLDHAM_3444,17,OLDHAM,3444,Hornitos Plata Tequila,1.75L,8,39.99,2016-01-01
4_EANVERNESS_5298,4,EANVERNESS,5298,Southern Comfort 100 Proof,750mL,16,16.99,2016-01-01
74_PAENTMARWY_15263,74,PAENTMARWY,15263,Bella Sera Moscato,1.5L,10,11.49,2016-01-01
34_PITMERDEN_2767,34,PITMERDEN,2767,Johnnie Walker Blue Label,750mL,4,189.99,2016-01-01
74_PAENTMARWY_1956,74,PAENTMARWY,1956,Balvenie 12 Yr Doublewood S,750mL,18,56.99,2016-01-01
76_DONCASTER_22515,76,DONCASTER,22515,Justin Vyds 13 Svgn Bl C Cst,750mL,29,12.99,2016-01-01
60_IRRAGIN_6593,60,IRRAGIN,6593,Souverain Chard N Cst,750mL,4,12.99,2016-01-01
43_WOLFORD_14006,43,WOLFORD,14006,Apothic Winemakers Red Blend,750mL,20,9.99,2016-01-01
48_NORFOLK_11067,48,NORFOLK,11067,Sterling Chard,750mL,12,11.95,2016-01-01
15_WANBORNE_4141,15,WANBORNE,4141,Wild Turkey American Honey,50mL,0,0.99,2016-01-01
51_ABERDEEN_2100,51,ABERDEEN,2100,Canadian Regal,1.75L,8,9.99,2016-01-01
30_CULCHETH_24453,30,CULCHETH,24453,Estancia Meritage,750mL,3,22.99,2016-01-01
17_OLDHAM_1867,17,OLDHAM,1867,Jack Daniels Tennessee Honey,50mL,73,2.99,2016-01-01
38_GOULCREST_16314,38,GOULCREST,16314,Line 39 Chard,750mL,20,9.99,2016-01-01
66_EANVERNESS_27831,66,EANVERNESS,27831,Wild Horse CC Chard,750mL,50,10.99,2016-01-01
57_LANTEGLOS_2838,57,LANTEGLOS,2838,Calumet Bourbon,750mL,7,45.99,2016-01-01
20_BREDWARDINE_8898,20,BREDWARDINE,8898,Yukon Jack,1.75L,7,25.99,2016-01-01
39_EASTHALLOW_2432,39,EASTHALLOW,2432,Crown Royal,750mL,80,21.99,2016-01-01
12_LEESIDE_2954,12,LEESIDE,2954,Highland Park 12 Yr Single,750mL,5,46.99,2016-01-01
66_EANVERNESS_44208,66,EANVERNESS,44208,Black Box Pnt Grigio,3L,33,18.99,2016-01-01
62_KILMARNOCK_15503,62,KILMARNOCK,15503,Opici Sangria,3L,4,13.99,2016-01-01
57_LANTEGLOS_3769,57,LANTEGLOS,3769,Jenkins Vodka,1.75L,13,8.99,2016-01-01
55_DRY GULCH_4804,55,DRY GULCH,4804,Rhum Barbancourt RSV Special,750mL,10,16.99,2016-01-01
21_BALERNO_1274,21,BALERNO,1274,No. 14 Bourbon,750mL,0,44.99,2016-01-01
6_GOULCREST_26947,6,GOULCREST,26947,Ferrari-Carano Merlot,750mL,12,21.99,2016-01-01
69_MOUNTMEND_26787,69,MOUNTMEND,26787,Moet & Chandon Imperial,187mL,25,10.99,2016-01-01
37_PAETHSMOUTH_5897,37,PAETHSMOUTH,5897,99 Bananas,750mL,13,11.99,2016-01-01
55_DRY GULCH_17617,55,DRY GULCH,17617,Nostor Tinto Priorat,750mL,11,15.99,2016-01-01
53_HILLFAR_18951,53,HILLFAR,18951,Caymus Conundrum Red,750mL,6,17.99,2016-01-01
9_BLACKPOOL_7865,9,BLACKPOOL,7865,Moet & Chandon Imperial,750mL,37,34.99,2016-01-01
63_SWORDBREAK_5929,63,SWORDBREAK,5929,RumChata Liqueur,1.75L,0,44.99,2016-01-01
73_DONCASTER_29619,73,DONCASTER,29619,Schmitt Sohne Auslese,750mL,38,15.99,2016-01-01
72_HARDERSFIELD_3682,72,HARDERSFIELD,3682,Belvedere Vodka,750mL,19,22.99,2016-01-01
54_GUTHRAM_1259,54,GUTHRAM,1259,St George Gin 3/200mls Combo,200mL 3 Pk,7,27.99,2016-01-01
79_BALLYMENA_20788,79,BALLYMENA,20788,Mt Tabor Galilee Chard,750mL,11,16.99,2016-01-01
64_CESTERFIELD_35375,64,CESTERFIELD,35375,Hess Allomi Cab Svgn,750mL,9,29.99,2016-01-01
19_WINTERVALE_8464,19,WINTERVALE,8464,Ch de Montfort Vouvray,750mL,10,15.99,2016-01-01
38_GOULCREST_849,38,GOULCREST,849,Bols Peach Schnapps,Liter,16,9.99,2016-01-01
41_LARNWICK_8790,41,LARNWICK,8790,Bolla Valpolicella,1.5L,13,15.99,2016-01-01
44_PORTHCRAWL_26463,44,PORTHCRAWL,26463,Ravenswood Vints Blend Znfdl,750mL,28,7.99,2016-01-01
19_WINTERVALE_3221,19,WINTERVALE,3221,Pinnacle Raspberry Vodka,750mL,4,9.99,2016-01-01
26_KNIFE'S EDGE_6234,26,KNIFE'S EDGE,6234,C Y Toro Front Cab/Merlot,1.5L,9,10.99,2016-01-01
21_BALERNO_3689,21,BALERNO,3689,Stolichnaya Vanil,750mL,13,16.99,2016-01-01
73_DONCASTER_8178,73,DONCASTER,8178,Bulleit Bourbon,750mL,83,27.99,2016-01-01
79_BALLYMENA_14672,79,BALLYMENA,14672,Duckhorn Decoy Cab Svgn,750mL,94,16.95,2016-01-01
6_GOULCREST_8172,6,GOULCREST,8172,DK Burst Blustery Peppermint,50mL,87,0.99,2016-01-01
60_IRRAGIN_8289,60,IRRAGIN,8289,E.H.Taylor Jr Single Barrel,750mL,10,59.99,2016-01-01
21_BALERNO_6688,21,BALERNO,6688,Ch St Jean Chard California,750mL,84,9.99,2016-01-01
56_BEGGAR'S HOLE_5365,56,BEGGAR'S HOLE,5365,Kahlua,750mL,81,18.99,2016-01-01
52_GRAYCOTT_2956,52,GRAYCOTT,2956,Vat 69 Gold,1.75L,13,14.99,2016-01-01
33_HORNSEY_6312,33,HORNSEY,6312,Gallo Twin Valley Svgn Bl Ca,1.5L,4,9.99,2016-01-01
34_PITMERDEN_22450,34,PITMERDEN,22450,Bota Brick Cab Svgn,1.5L,7,11.99,2016-01-01
33_HORNSEY_23147,33,HORNSEY,23147,Ch Floreal Laguens Brdx,750mL,22,11.99,2016-01-01
66_EANVERNESS_661,66,EANVERNESS,661,Red Stag by Jim Beam,750mL,70,13.99,2016-01-01
29_AYLESBURY_16477,29,AYLESBURY,16477,Cupcake Angel Food,750mL,13,7.49,2016-01-01
57_LANTEGLOS_2117,57,LANTEGLOS,2117,Black Velvet Traveler,750mL,10,8.99,2016-01-01
39_EASTHALLOW_3738,39,EASTHALLOW,3738,Three Olives Chocolate Vodka,750mL,6,11.99,2016-01-01
52_GRAYCOTT_28266,52,GRAYCOTT,28266,Nathanson Creek Wh Znfdl,1.5L,7,7.99,2016-01-01
10_HORNSEY_10451,10,HORNSEY,10451,Line 39 Cab Svgn Lake Cnty,750mL,39,9.99,2016-01-01
4_EANVERNESS_32908,4,EANVERNESS,32908,Sterling Vintners Cltn Merlo,750mL,77,10.99,2016-01-01
51_ABERDEEN_31204,51,ABERDEEN,31204,Beringer Fndrs Est Svgn Bl,750mL,20,8.99,2016-01-01
21_BALERNO_2924,21,BALERNO,2924,Speyburn 10-Yr Single Malt,750mL,8,23.99,2016-01-01
34_PITMERDEN_46156,34,PITMERDEN,46156,Brookdale Cab Svgn Napa,750mL,12,42.99,2016-01-01
40_BULLMAR_6385,40,BULLMAR,6385,Fetzer Sundial Chard,1.5L,8,12.99,2016-01-01
39_EASTHALLOW_6918,39,EASTHALLOW,6918,Franzia Tap Cab Svgn,5L,9,17.99,2016-01-01
66_EANVERNESS_3704,66,EANVERNESS,3704,Ciroc Pineapple Vodka,750mL,55,24.99,2016-01-01
2_ASHBORNE_31542,2,ASHBORNE,31542,Morgan Winery Twelve Clones,750mL,10,23.99,2016-01-01
76_DONCASTER_46018,76,DONCASTER,46018,I'm Wines Rose Napa,750mL,12,16.99,2016-01-01
72_HARDERSFIELD_28069,72,HARDERSFIELD,28069,Sutter Home Merlot Cal,1.5L,39,9.99,2016-01-01
11_CARDEND_38441,11,CARDEND,38441,Toasted Head Cab Svgn,750mL,20,9.99,2016-01-01
71_CLARCTON_2748,71,CLARCTON,2748,Johnnie Walker Blue Label,1.75L,3,319.99,2016-01-01
6_GOULCREST_1066,6,GOULCREST,1066,DiSaronno Cavalli Glass Pack,750mL,0,19.99,2016-01-01
4_EANVERNESS_5587,4,EANVERNESS,5587,Jose Cuervo Golden Margarita,1.75L,19,19.99,2016-01-01
69_MOUNTMEND_24205,69,MOUNTMEND,24205,Raeburn Chard RRV,750mL,73,10.49,2016-01-01
15_WANBORNE_3689,15,WANBORNE,3689,Stolichnaya Vanil,750mL,5,16.99,2016-01-01
79_BALLYMENA_2889,79,BALLYMENA,2889,Buchanans Deluxe 12Yr Scotch,750mL,22,32.99,2016-01-01
70_KELD_5616,70,KELD,5616,Emmets Irish Cream,1.75L,17,19.99,2016-01-01
61_AETHELNEY_39146,61,AETHELNEY,39146,Matua Svgn Bl Marlboro,750mL,15,10.99,2016-01-01
12_LEESIDE_3960,12,LEESIDE,3960,Tortilla Gold Tequila Liquer,1.75L,11,11.99,2016-01-01
7_STANMORE_7202,7,STANMORE,7202,Cocktail Time Key Lime Rtd,750mL,9,11.99,2016-01-01
70_KELD_39599,70,KELD,39599,R M Woodbridge Chard Cal,187mL 4 Pk,8,6.99,2016-01-01
38_GOULCREST_28239,38,GOULCREST,28239,Fetzer Eagle Peak Merlot,1.5L,13,12.99,2016-01-01
24_PALPERROTH_8907,24,PALPERROTH,8907,Carlo Rossi Burgundy Calif,1.5L,6,6.99,2016-01-01
69_MOUNTMEND_36268,69,MOUNTMEND,36268,Montinore Pnt Nr Ore,750mL,16,17.99,2016-01-01
21_BALERNO_4703,21,BALERNO,4703,Blue Chair Bay Coconut Rum,50mL,91,0.99,2016-01-01
76_DONCASTER_29942,76,DONCASTER,29942,Livingston Merlot Cal,3L,8,12.99,2016-01-01
10_HORNSEY_1024,10,HORNSEY,1024,Hennessy VS +VSOP 50mL,750mL,19,31.99,2016-01-01
69_MOUNTMEND_17528,69,MOUNTMEND,17528,Dom Serene Roadblock Syrah,750mL,1,17.99,2016-01-01
20_BREDWARDINE_28736,20,BREDWARDINE,28736,Turning Leaf RSV Pnt Grigio,750mL,12,5.99,2016-01-01
23_ARBINGTON_598,23,ARBINGTON,598,Stolichnaya Ohranj Orange,Liter,13,22.99,2016-01-01
21_BALERNO_39062,21,BALERNO,39062,Shelton Wild Thing Znfdl,750mL,10,17.99,2016-01-01
22_SHARNWICK_5490,22,SHARNWICK,5490,DeKuyper Hot Damn Cinnamon,50mL,191,0.99,2016-01-01
21_BALERNO_18741,21,BALERNO,18741,Ca'Momi Pinot Noir Napa Vall,750mL,5,16.99,2016-01-01
17_OLDHAM_14930,17,OLDHAM,14930,Yellow Tail Moscato,1.5L,12,8.95,2016-01-01
18_FURNESS_38133,18,FURNESS,38133,Il Bastardo Sangiovese Tosc,750mL,11,7.99,2016-01-01
50_MOUNTMEND_19303,50,MOUNTMEND,19303,Dalton Canaan White,750mL,5,15.99,2016-01-01
53_HILLFAR_36153,53,HILLFAR,36153,Edna Valley Paragon Pnt Nr,750mL,5,13.99,2016-01-01
70_KELD_9388,70,KELD,9388,Hennessy Privilege VSOP,375mL,13,23.99,2016-01-01
61_AETHELNEY_7127,61,AETHELNEY,7127,Mezcal De Amor Amaras,750mL,6,45.99,2016-01-01
72_HARDERSFIELD_31458,72,HARDERSFIELD,31458,Foxhorn Wh Znfdl Cal,1.5L,5,7.99,2016-01-01
22_SHARNWICK_7865,22,SHARNWICK,7865,Moet & Chandon Imperial,750mL,10,34.99,2016-01-01
57_LANTEGLOS_2443,57,LANTEGLOS,2443,Seagrams VO,1.75L,47,20.99,2016-01-01
61_AETHELNEY_5312,61,AETHELNEY,5312,Amaretto DiSaronno,750mL,29,19.99,2016-01-01
21_BALERNO_2841,21,BALERNO,2841,High West Double Rye Whiskey,750mL,5,34.99,2016-01-01
23_ARBINGTON_7265,23,ARBINGTON,7265,Taylor Fladgate LBV Port,750mL,19,15.99,2016-01-01
37_PAETHSMOUTH_6976,37,PAETHSMOUTH,6976,Ruffino Chianti Clsc RSV Tan,750mL,6,18.99,2016-01-01
15_WANBORNE_3354,15,WANBORNE,3354,Ketel One Vodka,375mL,4,14.99,2016-01-01
70_KELD_810,70,KELD,810,Bacardi Black Razz,750mL,9,9.99,2016-01-01
69_MOUNTMEND_20507,69,MOUNTMEND,20507,Ch la Pointe Pomerol,750mL,65,31.99,2016-01-01
23_ARBINGTON_34429,23,ARBINGTON,34429,Frei Bros RSV Mendcno Merlot,750mL,7,16.99,2016-01-01
9_BLACKPOOL_19940,9,BLACKPOOL,19940,Bogle Petite Sirah,750mL,14,9.99,2016-01-01
8_ALNERWICK_13661,8,ALNERWICK,13661,Duckhorn Decoy Pnt Nr Sonoma,750mL,38,16.95,2016-01-01
74_PAENTMARWY_18642,74,PAENTMARWY,18642,Yellow Tail Pink Moscato,1.5L,36,8.95,2016-01-01
72_HARDERSFIELD_27801,72,HARDERSFIELD,27801,Moet & Chandon Nectar Imper,750mL,3,45.99,2016-01-01
76_DONCASTER_35976,76,DONCASTER,35976,Zeller Schwarze Rsl Valcknbg,750mL,24,9.99,2016-01-01
31_HORNSEY_6285,31,HORNSEY,6285,Gallo Twin Valley Wh Znfdl C,1.5L,9,9.99,2016-01-01
27_MOUNTMEND_24188,27,MOUNTMEND,24188,St Francis Cab Svgn Sonoma,750mL,17,15.99,2016-01-01
30_CULCHETH_5698,30,CULCHETH,5698,P & J Cold Soaked Pineapples,750mL,2,18.99,2016-01-01
52_GRAYCOTT_15229,52,GRAYCOTT,15229,The Prisoner Red Napa Valley,750mL,6,39.95,2016-01-01
69_MOUNTMEND_18744,69,MOUNTMEND,18744,Ca'Momi Chard Napa Vly,750mL,12,14.99,2016-01-01
12_LEESIDE_28156,12,LEESIDE,28156,Sauvion Vouvray,750mL,12,13.99,2016-01-01
73_DONCASTER_19954,73,DONCASTER,19954,Ch Cos d'Estournel 10,750mL,21,449.99,2016-01-01
46_TYWARDREATH_36770,46,TYWARDREATH,36770,Yellow Tail Cab Svgn Ausl,1.5L,24,8.95,2016-01-01
21_BALERNO_5833,21,BALERNO,5833,Patron Roca Silver Tequila,750mL,6,69.99,2016-01-01
14_BROMWICH_33873,14,BROMWICH,33873,Bella Sera Pnt Grigio Del,750mL,12,6.49,2016-01-01
58_HARTLEPOOL_5285,58,HARTLEPOOL,5285,Jacquin Triple Sec,750mL,9,7.99,2016-01-01
15_WANBORNE_5334,15,WANBORNE,5334,Kahlua Especial,750mL,8,22.99,2016-01-01
34_PITMERDEN_249,34,PITMERDEN,249,Massenez Creme de Cassis,750mL,13,21.99,2016-01-01
5_SUTTON_14975,5,SUTTON,14975,Cavit Moscato,750mL,10,8.99,2016-01-01
29_AYLESBURY_5392,29,AYLESBURY,5392,Goldschlager Cinnamon Schnps,750mL,41,17.99,2016-01-01
10_HORNSEY_4343,10,HORNSEY,4343,Cruzan Blueberry Lemonade,750mL,20,9.99,2016-01-01
20_BREDWARDINE_381,20,BREDWARDINE,381,Baileys Irish Cream w/4 Glss,750mL,1,18.99,2016-01-01
69_MOUNTMEND_3944,69,MOUNTMEND,3944,Gran Centenario Anejo,750mL,7,39.99,2016-01-01
74_PAENTMARWY_21103,74,PAENTMARWY,21103,Farnum Hill Dooryard Still,750mL,8,11.99,2016-01-01
9_BLACKPOOL_743,9,BLACKPOOL,743,Angels Envy Whiskey,750mL,0,49.99,2016-01-01
23_ARBINGTON_26818,23,ARBINGTON,26818,Ravenswood Znfdl Napa,750mL,9,16.99,2016-01-01
7_STANMORE_16829,7,STANMORE,16829,C Y Toro Gran Reserva Cab Sv,750mL,7,13.99,2016-01-01
73_DONCASTER_1424,73,DONCASTER,1424,Bulleit Bourbon,375mL,0,12.99,2016-01-01
11_CARDEND_8962,11,CARDEND,8962,Pimms Cup No 1,750mL,20,17.99,2016-01-01
24_PALPERROTH_42188,24,PALPERROTH,42188,Moet & Chandon Nectar Imp Rs,750mL,11,49.99,2016-01-01
6_GOULCREST_6102,6,GOULCREST,6102,Midnight Moon Peach,750mL,8,19.99,2016-01-01
66_EANVERNESS_4737,66,EANVERNESS,4737,St Remy VSOP Authentic Brndy,750mL,25,10.99,2016-01-01
71_CLARCTON_35918,71,CLARCTON,35918,Stone Cellars Pnt Grigio,1.5L,9,10.99,2016-01-01
77_TAMWORTH_34763,77,TAMWORTH,34763,Mas Donis Montsant Old Vines,750mL,5,11.99,2016-01-01
55_DRY GULCH_3740,55,DRY GULCH,3740,Kru Peach Mango Vodka,750mL,17,16.99,2016-01-01
8_ALNERWICK_8288,8,ALNERWICK,8288,Korbel Brut,750mL,16,11.99,2016-01-01
25_CAERSHIRE_3650,25,CAERSHIRE,3650,Patron Silver Tequila,750mL,29,48.99,2016-01-01
37_PAETHSMOUTH_3272,37,PAETHSMOUTH,3272,Sobieski Vodka,1.75L,7,17.99,2016-01-01
34_PITMERDEN_6396,34,PITMERDEN,6396,Taylor Dry Sherry,1.5L,14,7.79,2016-01-01
78_EASTHAVEN_3637,78,EASTHAVEN,3637,Zhenka Vodka Plastic,750mL,14,5.29,2016-01-01
49_GARIGILL_2242,49,GARIGILL,2242,Cles des Ducs Armagnac VSOP,750mL,9,30.99,2016-01-01
55_DRY GULCH_19191,55,DRY GULCH,19191,Noble Vines The One Black,750mL,23,9.99,2016-01-01
68_SOLARIS_18865,68,SOLARIS,18865,Mirafiore Barolo,750mL,9,35.99,2016-01-01
38_GOULCREST_8840,38,GOULCREST,8840,Burnetts Gin,1.75L,38,11.99,2016-01-01
38_GOULCREST_20096,38,GOULCREST,20096,Milestone Red,750mL,16,8.99,2016-01-01
15_WANBORNE_1181,15,WANBORNE,1181,Kahlua Peppermint Mocha,750mL,17,18.99,2016-01-01
18_FURNESS_7993,18,FURNESS,7993,Stock Italian X Dry Vermouth,750mL,5,6.49,2016-01-01
56_BEGGAR'S HOLE_1758,56,BEGGAR'S HOLE,1758,Aberlour Glenlivet 12 Yr,750mL,4,39.99,2016-01-01
27_MOUNTMEND_4689,27,MOUNTMEND,4689,Hennessy Privilege VSOP,750mL,277,51.99,2016-01-01
11_CARDEND_3808,11,CARDEND,3808,Three Olives Vodka,750mL,51,14.99,2016-01-01
76_DONCASTER_5452,76,DONCASTER,5452,Bauchant XO Apple,750mL,0,11.99,2016-01-01
46_TYWARDREATH_2366,46,TYWARDREATH,2366,Templeton Rye Whiskey,750mL,3,34.99,2016-01-01
10_HORNSEY_29182,10,HORNSEY,29182,Cantele Salice Salentino Rsv,750mL,19,13.99,2016-01-01
20_BREDWARDINE_3278,20,BREDWARDINE,3278,Gordons London Dry,750mL,16,7.99,2016-01-01
48_NORFOLK_10626,48,NORFOLK,10626,MezzaCorona Pnt Nr,1.5L,7,10.99,2016-01-01
49_GARIGILL_21673,49,GARIGILL,21673,Juan Gil Dry Wh Muscat Jumil,750mL,7,9.99,2016-01-01
3_HORNSEY_36620,3,HORNSEY,36620,Talbott Kali Hart Mtry Chard,750mL,17,16.99,2016-01-01
21_BALERNO_24787,21,BALERNO,24787,Rodney Strong Chard Sonoma C,750mL,7,19.99,2016-01-01
34_PITMERDEN_16232,34,PITMERDEN,16232,Blackstone Delectable Red,750mL,19,8.99,2016-01-01
32_MOUNTMEND_3637,32,MOUNTMEND,3637,Zhenka Vodka Plastic,750mL,37,5.29,2016-01-01
63_SWORDBREAK_29407,63,SWORDBREAK,29407,Wild Horse CC Merlot,750mL,14,15.99,2016-01-01
53_HILLFAR_8823,53,HILLFAR,8823,Leroux Apricot Brandy,750mL,1,7.99,2016-01-01
67_EANVERNESS_3234,67,EANVERNESS,3234,Hendrick's Gin,1.75L,38,61.99,2016-01-01
18_FURNESS_35472,18,FURNESS,35472,R M Woodbridge Pnt Grigio,1.5L,32,8.99,2016-01-01
74_PAENTMARWY_3701,74,PAENTMARWY,3701,UV Sangria Vodka,50mL,3,0.99,2016-01-01
78_EASTHAVEN_16806,78,EASTHAVEN,16806,Apothic Winemakers White,750mL,5,9.99,2016-01-01
67_EANVERNESS_2103,67,EANVERNESS,2103,Coldcock American Herbal Whi,750mL,14,18.99,2016-01-01
67_EANVERNESS_23898,67,EANVERNESS,23898,Dr Konstantin Frank Rose,750mL,45,16.99,2016-01-01
8_ALNERWICK_388,8,ALNERWICK,388,Smirnoff 80 Proof,Liter,16,14.49,2016-01-01
24_PALPERROTH_6478,24,PALPERROTH,6478,C Y Toro Frontera Merlot,1.5L,15,10.99,2016-01-01
71_CLARCTON_35976,71,CLARCTON,35976,Zeller Schwarze Rsl Valcknbg,750mL,11,9.99,2016-01-01
70_KELD_6861,70,KELD,6861,Sutter Home Clsc Wh Znfdl,187mL 4 Pk,14,5.99,2016-01-01
34_PITMERDEN_977,34,PITMERDEN,977,McCormick Scotch,Liter,15,11.49,2016-01-01
4_EANVERNESS_3620,4,EANVERNESS,3620,Powers Signature Release,750mL,5,39.99,2016-01-01
71_CLARCTON_37923,71,CLARCTON,37923,Five Rivers Cab Svgn,750mL,13,13.99,2016-01-01
70_KELD_2522,70,KELD,2522,The Macallan 10 Yr Fine Oak,750mL,4,52.99,2016-01-01
15_WANBORNE_45460,15,WANBORNE,45460,New Harbor Svgn Bl Marlboro,750mL,8,12.99,2016-01-01
23_ARBINGTON_1348,23,ARBINGTON,1348,Knob Creek Bourbon,375mL,17,15.99,2016-01-01
58_HARTLEPOOL_2050,58,HARTLEPOOL,2050,Tomatin 18 Yr Single Malt,750mL,6,74.99,2016-01-01
77_TAMWORTH_8621,77,TAMWORTH,8621,Sho Chiku Bai Takara Sake,750mL,14,6.29,2016-01-01
38_GOULCREST_24686,38,GOULCREST,24686,Barco Negro Douro,750mL,90,7.99,2016-01-01
34_PITMERDEN_5333,34,PITMERDEN,5333,Jenkins Amaretto,1.75L,60,10.99,2016-01-01
69_MOUNTMEND_23523,69,MOUNTMEND,23523,19 Crimes Cab Svgn,750mL,12,9.99,2016-01-01
23_ARBINGTON_6451,23,ARBINGTON,6451,Columbia Crest G E Cab Svgn,750mL,27,9.99,2016-01-01
54_GUTHRAM_8788,54,GUTHRAM,8788,Stolichnaya,50mL,16,1.99,2016-01-01
67_EANVERNESS_12943,67,EANVERNESS,12943,Middle Sister Drama Queen Pi,750mL,29,9.99,2016-01-01
8_ALNERWICK_6231,8,ALNERWICK,6231,Mumm Brut Prestige,750mL,25,14.99,2016-01-01
46_TYWARDREATH_5489,46,TYWARDREATH,5489,DeKuyper Hot Damn Cinnamon,750mL,11,10.99,2016-01-01
15_WANBORNE_18747,15,WANBORNE,18747,Ca'Momi Rosso di Napa,750mL,6,9.99,2016-01-01
66_EANVERNESS_8737,66,EANVERNESS,8737,Freixenet Cordon Negro Brut,750mL,0,10.99,2016-01-01
72_HARDERSFIELD_8496,72,HARDERSFIELD,8496,Jadot Chardonnay,750mL,2,14.99,2016-01-01
31_HORNSEY_10957,31,HORNSEY,10957,Seaglass Svgn Bl Snt Barbara,750mL,12,8.99,2016-01-01
7_STANMORE_21033,7,STANMORE,21033,Taylor Fladgate 20-Yr Tawny,750mL,12,38.99,2016-01-01
52_GRAYCOTT_376,52,GRAYCOTT,376,Aperol Liqueur,750mL,6,28.99,2016-01-01
46_TYWARDREATH_5539,46,TYWARDREATH,5539,DeKuyper Hot Damn 100*,750mL,10,10.99,2016-01-01
50_MOUNTMEND_8512,50,MOUNTMEND,8512,Baileys Irish Cream,750mL,377,18.99,2016-01-01
73_DONCASTER_39356,73,DONCASTER,39356,Bota Box Chard Cal,3L,17,17.99,2016-01-01
43_WOLFORD_11970,43,WOLFORD,11970,Zaccagnini Montepulciano Rsv,750mL,4,14.99,2016-01-01
26_KNIFE'S EDGE_20447,26,KNIFE'S EDGE,20447,Barefoot Bubbly Pink Moscato,187mL 4 Pk,3,9.99,2016-01-01
66_EANVERNESS_3943,66,EANVERNESS,3943,Skyy Barcraft White Sangria,750mL,17,11.99,2016-01-01
41_LARNWICK_4829,41,LARNWICK,4829,Mr Boston Blackberry Brandy,1.75L,16,13.99,2016-01-01
66_EANVERNESS_24424,66,EANVERNESS,24424,Adaption by Odette Chard,750mL,21,31.99,2016-01-01
45_VERITAS_6980,45,VERITAS,6980,Midnight Moon Blueberry,750mL,19,19.99,2016-01-01
50_MOUNTMEND_19394,50,MOUNTMEND,19394,Dom du Gr Montmirall Gigonda,750mL,15,29.99,2016-01-01
32_MOUNTMEND_3743,32,MOUNTMEND,3743,Smirnoff Sorbet Pine/Coconut,750mL,59,12.99,2016-01-01
43_WOLFORD_8504,43,WOLFORD,8504,R M Woodbridge Cab Svgn Cal,1.5L,27,8.99,2016-01-01
66_EANVERNESS_44106,66,EANVERNESS,44106,Carmel Road Unoaked Chard Mo,750mL,9,14.99,2016-01-01
34_PITMERDEN_2054,34,PITMERDEN,2054,Johnnie Walker Select Casks,750mL,6,43.99,2016-01-01
60_IRRAGIN_6254,60,IRRAGIN,6254,Tsilili Tsipouro,750mL,12,21.99,2016-01-01
20_BREDWARDINE_3039,20,BREDWARDINE,3039,Stoli Salted Karamel,750mL,14,16.99,2016-01-01
69_MOUNTMEND_2458,69,MOUNTMEND,2458,Catskill Wicked White Whisky,375mL,19,15.99,2016-01-01
11_CARDEND_4062,11,CARDEND,4062,Goslings Dark'N Stormy RTD,250mL 4 Pk,7,8.99,2016-01-01
79_BALLYMENA_8892,79,BALLYMENA,8892,R Mondavi Cab Svgn Napa,750mL,23,26.99,2016-01-01
9_BLACKPOOL_18758,9,BLACKPOOL,18758,Mouton Cadet Sauvignon Blanc,750mL,12,12.99,2016-01-01
21_BALERNO_3811,21,BALERNO,3811,Absolut Spark Vodka,750mL,5,17.99,2016-01-01
19_WINTERVALE_39146,19,WINTERVALE,39146,Matua Svgn Bl Marlboro,750mL,14,10.99,2016-01-01
73_DONCASTER_18533,73,DONCASTER,18533,Candia Vyds Diamond,750mL,34,14.99,2016-01-01
78_EASTHAVEN_3072,78,EASTHAVEN,3072,Ciroc Peach Vodka,750mL,13,24.99,2016-01-01
32_MOUNTMEND_2045,32,MOUNTMEND,2045,Monkey 47 Dry Gin,375mL,8,37.99,2016-01-01
47_PELLA'S WISH_4938,47,PELLA'S WISH,4938,Kapali Coffee,750mL,18,8.99,2016-01-01
61_AETHELNEY_3089,61,AETHELNEY,3089,Evan Williams Honey Reserve,750mL,16,13.99,2016-01-01
6_GOULCREST_16441,6,GOULCREST,16441,Bota Box RedVolution,3L,2,17.99,2016-01-01
44_PORTHCRAWL_35464,44,PORTHCRAWL,35464,Stags Leap WC Artemis Cab,750mL,14,42.95,2016-01-01
47_PELLA'S WISH_32989,47,PELLA'S WISH,32989,Barefoot Cab Svgn Cal,1.5L,22,10.99,2016-01-01
74_PAENTMARWY_7224,74,PAENTMARWY,7224,Jagermeister Spice,750mL,26,15.99,2016-01-01
34_PITMERDEN_39764,34,PITMERDEN,39764,Grahams 10-Yr Tawny Port,750mL,3,27.99,2016-01-01
76_DONCASTER_6378,76,DONCASTER,6378,Walnut Crest Merlot Rapel,1.5L,15,9.99,2016-01-01
69_MOUNTMEND_35130,69,MOUNTMEND,35130,C Back Goats Do Roam Rouge,750mL,13,10.99,2016-01-01
61_AETHELNEY_8895,61,AETHELNEY,8895,Gloria Ferrer Brut,750mL,8,17.99,2016-01-01
7_STANMORE_2739,7,STANMORE,2739,Bruichladdich Rocks Sngl Mlt,750mL,0,49.99,2016-01-01
1_HARDERSFIELD_1961,1,HARDERSFIELD,1961,Everclear 151,1.75L,3,32.99,2016-01-01
28_LARNWICK_3689,28,LARNWICK,3689,Stolichnaya Vanil,750mL,9,16.99,2016-01-01
21_BALERNO_77,21,BALERNO,77,Three Olives Espresso Vodka,750mL,2,14.99,2016-01-01
19_WINTERVALE_8267,19,WINTERVALE,8267,Gazdina Rakija Pear Brandy,750mL,5,24.99,2016-01-01
6_GOULCREST_35088,6,GOULCREST,35088,Newport Vyds Great White RI,750mL,9,9.99,2016-01-01
29_AYLESBURY_5242,29,AYLESBURY,5242,Cointreau Liqueur,750mL,8,29.99,2016-01-01
34_PITMERDEN_23014,34,PITMERDEN,23014,Marietta Clrs Angeli Cuvee,750mL,17,25.99,2016-01-01
60_IRRAGIN_17957,60,IRRAGIN,17957,Bluebird Pinot Noir,750mL,6,15.99,2016-01-01
6_GOULCREST_4114,6,GOULCREST,4114,Don Q Cristal Rum,50mL,12,0.99,2016-01-01
54_GUTHRAM_6240,54,GUTHRAM,6240,Riunite Raspberry,1.5L,6,8.99,2016-01-01
76_DONCASTER_27233,76,DONCASTER,27233,Turning Leaf RSV Merlot Cal,750mL,22,5.99,2016-01-01
50_MOUNTMEND_4226,50,MOUNTMEND,4226,Bacardi Superior Rum Trav,750mL,26,9.99,2016-01-01
47_PELLA'S WISH_6105,47,PELLA'S WISH,6105,Midnight Moon,750mL,25,19.99,2016-01-01
5_SUTTON_4480,5,SUTTON,4480,Appleton Special Gold Rum,750mL,10,12.99,2016-01-01
20_BREDWARDINE_5539,20,BREDWARDINE,5539,DeKuyper Hot Damn 100*,750mL,14,10.99,2016-01-01
1_HARDERSFIELD_903,1,HARDERSFIELD,903,Bombay Sapphire Gin,Liter,13,26.99,2016-01-01
72_HARDERSFIELD_6225,72,HARDERSFIELD,6225,St Germain Liqueur,50mL,20,3.99,2016-01-01
54_GUTHRAM_6725,54,GUTHRAM,6725,Franzia Crisp White Tap,5L,7,12.99,2016-01-01
79_BALLYMENA_3246,79,BALLYMENA,3246,Bentley's Vodka,1.75L,50,8.79,2016-01-01
39_EASTHALLOW_16394,39,EASTHALLOW,16394,Ghost Pines Red L Martini,750mL,10,17.99,2016-01-01
59_CLAETHORPES_4176,59,CLAETHORPES,4176,Blackheart Spiced Rum,750mL,11,10.99,2016-01-01
61_AETHELNEY_6828,61,AETHELNEY,6828,Santa Rita RSV Cab Svgn,750mL,9,9.99,2016-01-01
33_HORNSEY_28092,33,HORNSEY,28092,Cline Ancient Vin Znfdl,750mL,18,14.99,2016-01-01
45_VERITAS_8609,45,VERITAS,8609,Duboeuf Beaujolais Villages,750mL,13,9.99,2016-01-01
27_MOUNTMEND_32924,27,MOUNTMEND,32924,Silverado Cab Svgn Napa,750mL,15,42.99,2016-01-01
29_AYLESBURY_9191,29,AYLESBURY,9191,Mojoshot Blue Lagoon RTD,50mL,14,0.99,2016-01-01
33_HORNSEY_28474,33,HORNSEY,28474,Burgans Albarino Baixas Rio,750mL,10,14.99,2016-01-01
77_TAMWORTH_3364,77,TAMWORTH,3364,Absolut Ruby Red,1.75L,30,24.99,2016-01-01
36_LEWES_5138,36,LEWES,5138,Fireball Cinnamon Whisky,750mL,61,13.99,2016-01-01
61_AETHELNEY_1982,61,AETHELNEY,1982,Herradura Silver Tequila,375mL,0,21.99,2016-01-01
67_EANVERNESS_24478,67,EANVERNESS,24478,ZIPZ Cab Svgn,187mL,6,2.99,2016-01-01
69_MOUNTMEND_46764,69,MOUNTMEND,46764,Clayhouse Adobe Red Paso Rbl,750mL,27,11.99,2016-01-01
73_DONCASTER_38897,73,DONCASTER,38897,L Martini RSV Cab Svgn Alex,750mL,16,26.99,2016-01-01
71_CLARCTON_3620,71,CLARCTON,3620,Powers Signature Release,750mL,3,39.99,2016-01-01
15_WANBORNE_18013,15,WANBORNE,18013,Cecchi Sangiovese,750mL,20,7.99,2016-01-01
52_GRAYCOTT_46830,52,GRAYCOTT,46830,Pacific Rim Sweet Rsl,750mL,9,9.99,2016-01-01
54_GUTHRAM_42766,54,GUTHRAM,42766,14 Hands Merlot Wash,750mL,42,8.95,2016-01-01
43_WOLFORD_37786,43,WOLFORD,37786,Lindemans Bin 45 Cab Svgn,1.5L,18,9.99,2016-01-01
1_HARDERSFIELD_4252,1,HARDERSFIELD,4252,Bacardi Limon Rum,50mL,138,0.99,2016-01-01
76_DONCASTER_32796,76,DONCASTER,32796,Warre's Otima 10-Yr Tawny,500mL,42,19.99,2016-01-01
19_WINTERVALE_38370,19,WINTERVALE,38370,Oyster Bay Svgn Bl Marlboro,750mL,16,10.99,2016-01-01
56_BEGGAR'S HOLE_10266,56,BEGGAR'S HOLE,10266,Klinker Brick Old Vine Znfdl,750mL,47,15.99,2016-01-01
51_ABERDEEN_19270,51,ABERDEEN,19270,Veuve Clicquot Brut Yellow,375mL,21,24.99,2016-01-01
22_SHARNWICK_37433,22,SHARNWICK,37433,C Y Toro Casillero Carmenere,750mL,4,9.99,2016-01-01
38_GOULCREST_20862,38,GOULCREST,20862,William Hill Est Cab Svgn NC,750mL,13,12.99,2016-01-01
10_HORNSEY_2926,10,HORNSEY,2926,Teachers Highland Cream,1.75L,15,27.99,2016-01-01
66_EANVERNESS_25158,66,EANVERNESS,25158,M Lynch Bordeaux Rouge Medoc,750mL,36,16.99,2016-01-01
77_TAMWORTH_5187,77,TAMWORTH,5187,Arrow White Creme de Cacao,750mL,9,7.99,2016-01-01
15_WANBORNE_4478,15,WANBORNE,4478,Myers Original Dark Rum,750mL,9,17.99,2016-01-01
6_GOULCREST_8655,6,GOULCREST,8655,Plomari Ouzo,750mL,6,16.99,2016-01-01
45_VERITAS_5394,45,VERITAS,5394,Goldschlager Cinnamon Schnap,375mL,10,10.99,2016-01-01
38_GOULCREST_6651,38,GOULCREST,6651,Rocca Delle Macie Chianti C,750mL,24,11.99,2016-01-01
23_ARBINGTON_6195,23,ARBINGTON,6195,Korbel Brut,1.5L,5,27.99,2016-01-01
33_HORNSEY_8191,33,HORNSEY,8191,Savory & James Deluxe Cream,1.5L,5,18.49,2016-01-01
34_PITMERDEN_8696,34,PITMERDEN,8696,Gekkeikan Plum Wine,750mL,14,10.99,2016-01-01
19_WINTERVALE_3389,19,WINTERVALE,3389,Seagrams Extra Dry Gin,1.75L,24,16.99,2016-01-01
38_GOULCREST_5342,38,GOULCREST,5342,Grand Marnier,750mL,5,26.99,2016-01-01
13_TARMSWORTH_8120,13,TARMSWORTH,8120,Tribuno Sweet Vermouth,1.5L,11,8.99,2016-01-01
57_LANTEGLOS_6570,57,LANTEGLOS,6570,Kendall Jackson Chard Vt RSV,750mL,75,9.95,2016-01-01
48_NORFOLK_3086,48,NORFOLK,3086,Ciroc Coconut Vodka,1.75L,7,47.99,2016-01-01
20_BREDWARDINE_1789,20,BREDWARDINE,1789,Jack Daniels Tennesse Fire,750mL,16,25.99,2016-01-01
52_GRAYCOTT_3089,52,GRAYCOTT,3089,Evan Williams Honey Reserve,750mL,11,13.99,2016-01-01
39_EASTHALLOW_23889,39,EASTHALLOW,23889,Corbett Canyon Wh Znfdl,1.5L,14,8.99,2016-01-01
48_NORFOLK_4268,48,NORFOLK,4268,Capt Morgan Private Stock,750mL,19,22.99,2016-01-01
28_LARNWICK_2979,28,LARNWICK,2979,Bowmore 12-Yr Scotch,750mL,8,44.99,2016-01-01
30_CULCHETH_13854,30,CULCHETH,13854,Mark West Pnt Nr RRV,750mL,5,16.99,2016-01-01
2_ASHBORNE_31971,2,ASHBORNE,31971,Trinchero Main St Cab Svgn,750mL,9,8.99,2016-01-01
69_MOUNTMEND_2491,69,MOUNTMEND,2491,Catskill Defiant Rye,375mL,27,33.99,2016-01-01
32_MOUNTMEND_3503,32,MOUNTMEND,3503,Smirnoff Sorbet Rasp/Pomegra,750mL,12,12.99,2016-01-01
22_SHARNWICK_5251,22,SHARNWICK,5251,DeKuyper Buttershots Schnpps,50mL,66,0.99,2016-01-01
69_MOUNTMEND_659,69,MOUNTMEND,659,Rhum Barbancourt Estate RSV,750mL,6,33.99,2016-01-01
34_PITMERDEN_24056,34,PITMERDEN,24056,Honig Svgn Bl Rsv,750mL,23,18.99,2016-01-01
21_BALERNO_3830,21,BALERNO,3830,Grey Goose L'Orange Vodka,750mL,34,23.99,2016-01-01
46_TYWARDREATH_13154,46,TYWARDREATH,13154,Clayhouse Malbec Paso Robles,750mL,4,11.99,2016-01-01
76_DONCASTER_5255,76,DONCASTER,5255,TGI Fridays Ultimte Mudslide,1.75L,30,12.99,2016-01-01
79_BALLYMENA_12684,79,BALLYMENA,12684,Kim Crawford Pnt Gr Marlboro,750mL,58,15.99,2016-01-01
79_BALLYMENA_15146,79,BALLYMENA,15146,Achaval Ferrer Malbec,750mL,11,18.99,2016-01-01
13_TARMSWORTH_6499,13,TARMSWORTH,6499,Kinky Liqueur,750mL,9,16.99,2016-01-01
34_PITMERDEN_6524,34,PITMERDEN,6524,Rosemount Diamond Shiraz,750mL,31,6.99,2016-01-01
76_DONCASTER_23400,76,DONCASTER,23400,Pico & Vine Cab Svgn Napa,750mL,37,10.49,2016-01-01
68_SOLARIS_44838,68,SOLARIS,44838,Flora Springs Cab Svgn Napa,750mL,12,37.99,2016-01-01
39_EASTHALLOW_8036,39,EASTHALLOW,8036,Livingston Chablis Cal,3L,7,11.99,2016-01-01
54_GUTHRAM_4817,54,GUTHRAM,4817,Skyy Infusions TX Grapefruit,750mL,13,12.99,2016-01-01
46_TYWARDREATH_13967,46,TYWARDREATH,13967,Villa Sandi Il Fresco Prosec,750mL,35,12.99,2016-01-01
60_IRRAGIN_18865,60,IRRAGIN,18865,Mirafiore Barolo,750mL,14,35.99,2016-01-01
67_EANVERNESS_33267,67,EANVERNESS,33267,El Coto de Rioja RSV Coto d,750mL,57,19.99,2016-01-01
77_TAMWORTH_28775,77,TAMWORTH,28775,C K Mondavi Merlot,1.5L,4,10.99,2016-01-01
31_HORNSEY_16261,31,HORNSEY,16261,The Dreaming Tree CC Chard,750mL,12,12.99,2016-01-01
53_HILLFAR_4252,53,HILLFAR,4252,Bacardi Limon Rum,50mL,69,0.99,2016-01-01
61_AETHELNEY_10296,61,AETHELNEY,10296,Alamos Slcn Malbec Mendoza,750mL,11,15.99,2016-01-01
39_EASTHALLOW_3877,39,EASTHALLOW,3877,Smirnoff Green Apple Vodka,750mL,17,12.99,2016-01-01
8_ALNERWICK_3779,8,ALNERWICK,3779,Three Olives Cherry Vodka,750mL,7,14.99,2016-01-01
69_MOUNTMEND_24244,69,MOUNTMEND,24244,Ch Corconnac Svgn Bl,750mL,26,23.99,2016-01-01
38_GOULCREST_14657,38,GOULCREST,14657,The Shepherd Svgn Bl,750mL,15,14.99,2016-01-01
10_HORNSEY_16468,10,HORNSEY,16468,Gerard Bertrand Chard Rsv Sp,750mL,16,13.99,2016-01-01
6_GOULCREST_37828,6,GOULCREST,37828,Yellow Tail Shiraz/Cab Ausl,1.5L,5,9.99,2016-01-01
60_IRRAGIN_43871,60,IRRAGIN,43871,Sette Ponti Crognolo Toscan,750mL,4,19.99,2016-01-01
21_BALERNO_23230,21,BALERNO,23230,High Valley Svgn Bl 13 Lake,750mL,11,13.99,2016-01-01
33_HORNSEY_686,33,HORNSEY,686,Midnight Moon Cherry,750mL,7,19.99,2016-01-01
33_HORNSEY_26456,33,HORNSEY,26456,Ravenswood Vntnrs Blnd Chard,750mL,21,8.99,2016-01-01
74_PAENTMARWY_27835,74,PAENTMARWY,27835,Wild Horse CC Pnt Nr,750mL,65,15.99,2016-01-01
32_MOUNTMEND_2645,32,MOUNTMEND,2645,Chivas Regal,750mL,39,29.99,2016-01-01
49_GARIGILL_3420,49,GARIGILL,3420,New Amsterdam Coconut Vodka,750mL,33,9.99,2016-01-01
72_HARDERSFIELD_4130,72,HARDERSFIELD,4130,Kraken Black Spiced Rum,375mL,0,8.99,2016-01-01
1_HARDERSFIELD_5833,1,HARDERSFIELD,5833,Patron Roca Silver Tequila,750mL,0,69.99,2016-01-01
10_HORNSEY_18617,10,HORNSEY,18617,Picket Fence Chard RRV,750mL,19,13.99,2016-01-01
71_CLARCTON_13163,71,CLARCTON,13163,Barefoot Bubbly Moscato,750mL,70,7.99,2016-01-01
76_DONCASTER_21277,76,DONCASTER,21277,Nicholson Ranch Chard Son Ct,750mL,51,19.99,2016-01-01
48_NORFOLK_14129,48,NORFOLK,14129,14 Hands Hot to Trot Red,750mL,29,8.95,2016-01-01
67_EANVERNESS_8620,67,EANVERNESS,8620,Sambuca Romana,375mL,40,11.99,2016-01-01
57_LANTEGLOS_2030,57,LANTEGLOS,2030,Glen Moray 12 Yr Scotch,750mL,8,30.99,2016-01-01
76_DONCASTER_6655,76,DONCASTER,6655,Carlo Rossi Paisano Calif,1.5L,15,6.99,2016-01-01
9_BLACKPOOL_2988,9,BLACKPOOL,2988,Sauza 901 Silver Tequila,750mL,6,24.99,2016-01-01
32_MOUNTMEND_16428,32,MOUNTMEND,16428,HandCraft Artisan Coll Chard,750mL,40,9.99,2016-01-01
60_IRRAGIN_23517,60,IRRAGIN,23517,Luiano Rosato,750mL,10,11.99,2016-01-01
42_BLACK HOLLOW_22584,42,BLACK HOLLOW,22584,Cambria Katherines Chard,750mL,6,17.99,2016-01-01
73_DONCASTER_5165,73,DONCASTER,5165,Hpnotiq Liqueur,750mL,21,19.99,2016-01-01
52_GRAYCOTT_10472,52,GRAYCOTT,10472,Clos du Bois Pnt Nr Cal,750mL,7,8.99,2016-01-01
11_CARDEND_4297,11,CARDEND,4297,Ronrico Silver Traveler,750mL,4,7.99,2016-01-01
68_SOLARIS_2302,68,SOLARIS,2302,St George Botanivore Gin,750mL,3,29.99,2016-01-01
15_WANBORNE_37083,15,WANBORNE,37083,Jewell Towne Cayuga Wh NH,750mL,7,11.49,2016-01-01
50_MOUNTMEND_3818,50,MOUNTMEND,3818,Cabo Wabo Blanco Tequila,750mL,12,29.99,2016-01-01
59_CLAETHORPES_6523,59,CLAETHORPES,6523,Franzia Burgundy Tap Red,5L,8,16.99,2016-01-01
38_GOULCREST_25802,38,GOULCREST,25802,Dynamite Cab Svgn N Cst,750mL,19,11.99,2016-01-01
73_DONCASTER_17186,73,DONCASTER,17186,Columna Albarino,750mL,31,14.99,2016-01-01
14_BROMWICH_6980,14,BROMWICH,6980,Midnight Moon Blueberry,750mL,12,19.99,2016-01-01
60_IRRAGIN_25622,60,IRRAGIN,25622,Forest Glen Chard,750mL,11,8.99,2016-01-01
60_IRRAGIN_37842,60,IRRAGIN,37842,Dona Paula Malbec Mendoza,750mL,7,11.99,2016-01-01
60_IRRAGIN_4760,60,IRRAGIN,4760,Kinky Flame Whisky,750mL,114,16.99,2016-01-01
52_GRAYCOTT_2917,52,GRAYCOTT,2917,Paddy's Irish Whiskey,750mL,11,19.99,2016-01-01
21_BALERNO_32805,21,BALERNO,32805,Truchard Carneros Pnt Nr,750mL,8,26.99,2016-01-01
67_EANVERNESS_1340,67,EANVERNESS,1340,Jim Beam Jacob's Ghost,750mL,147,21.99,2016-01-01
32_MOUNTMEND_13422,32,MOUNTMEND,13422,Gnarly Head Pnt Nr,750mL,24,9.99,2016-01-01
8_ALNERWICK_7828,8,ALNERWICK,7828,Bols Peach Schnapps,750mL,11,7.99,2016-01-01
7_STANMORE_25186,7,STANMORE,25186,Jadot Ch d Jacques Morgon 11,750mL,0,12.99,2016-01-01
22_SHARNWICK_2366,22,SHARNWICK,2366,Templeton Rye Whiskey,750mL,4,34.99,2016-01-01
7_STANMORE_2717,7,STANMORE,2717,Big Peat Scotch,750mL,3,60.99,2016-01-01
21_BALERNO_2563,21,BALERNO,2563,Greenore Irish Whiskey,750mL,6,49.99,2016-01-01
76_DONCASTER_29696,76,DONCASTER,29696,J Lohr Arroyo Seco Chard,750mL,5,20.99,2016-01-01
27_MOUNTMEND_8448,27,MOUNTMEND,8448,Cruzan Aged Dark Rum,750mL,16,9.99,2016-01-01
21_BALERNO_4327,21,BALERNO,4327,Capt Morgan Spiced Rum 100,750mL,15,19.99,2016-01-01
43_WOLFORD_26285,43,WOLFORD,26285,Moet & Chandon Imperial,1.5L,3,69.99,2016-01-01
50_MOUNTMEND_19120,50,MOUNTMEND,19120,Bodegas Borsao Berola,750mL,14,12.99,2016-01-01
64_CESTERFIELD_6987,64,CESTERFIELD,6987,Rosemount Shiraz/Cab Svgn,750mL,18,9.99,2016-01-01
19_WINTERVALE_5285,19,WINTERVALE,5285,Jacquin Triple Sec,750mL,10,7.99,2016-01-01
47_PELLA'S WISH_5643,47,PELLA'S WISH,5643,Flag Hill Blueberry Liqueur,375mL,3,14.99,2016-01-01
50_MOUNTMEND_23197,50,MOUNTMEND,23197,Yellow Tail Sangria Blanco,1.5L,37,9.99,2016-01-01
39_EASTHALLOW_5457,39,EASTHALLOW,5457,After Shock Hot & Cool Cinmn,50mL,17,1.99,2016-01-01
51_ABERDEEN_25984,51,ABERDEEN,25984,C Y Toro Casa Diablo Svgn Bl,750mL,14,9.99,2016-01-01
25_CAERSHIRE_3808,25,CAERSHIRE,3808,Three Olives Vodka,750mL,18,14.99,2016-01-01
63_SWORDBREAK_44511,63,SWORDBREAK,44511,MacMurray Ranch C Cst Pnt Nr,750mL,11,13.95,2016-01-01
78_EASTHAVEN_23739,78,EASTHAVEN,23739,Liberty School Cab Svgn,750mL,40,12.99,2016-01-01
49_GARIGILL_40054,49,GARIGILL,40054,Campo Viejo Tempranillo RSV,750mL,19,12.99,2016-01-01
17_OLDHAM_5153,17,OLDHAM,5153,Fireball Cinn Whisky Trav,750mL,14,15.99,2016-01-01
55_DRY GULCH_39774,55,DRY GULCH,39774,Merriam Cab Svgn Dry Creek,750mL,16,27.99,2016-01-01
77_TAMWORTH_6735,77,TAMWORTH,6735,Gallo Twin Valley Chard Cal,1.5L,5,9.99,2016-01-01
42_BLACK HOLLOW_1727,42,BLACK HOLLOW,1727,West Cork Irish Whiskey,750mL,6,21.99,2016-01-01
76_DONCASTER_42685,76,DONCASTER,42685,Alto Moncayo Garnacha,750mL,10,47.99,2016-01-01
56_BEGGAR'S HOLE_6322,56,BEGGAR'S HOLE,6322,Rene Junot Red,1.5L,17,11.99,2016-01-01
57_LANTEGLOS_3397,57,LANTEGLOS,3397,Ciroc Red Berry Vodka,750mL,4,24.99,2016-01-01
77_TAMWORTH_4370,77,TAMWORTH,4370,Ron Virgin White,1.75L,16,10.99,2016-01-01
34_PITMERDEN_90025,34,PITMERDEN,90025,Ch Lagrange St Julien 11 GC,750mL,0,59.99,2016-01-01
47_PELLA'S WISH_4200,47,PELLA'S WISH,4200,Bacardi Grand Melon,750mL,11,9.99,2016-01-01
4_EANVERNESS_5378,4,EANVERNESS,5378,Galliano L'Autentico Liqueur,750mL,15,25.99,2016-01-01
68_SOLARIS_23420,68,SOLARIS,23420,Dom D'Andezon CdRhone Red,750mL,12,14.99,2016-01-01
33_HORNSEY_5759,33,HORNSEY,5759,Malibu Tropical Banana Rum,750mL,35,12.99,2016-01-01
11_CARDEND_31466,11,CARDEND,31466,Ch Carignan Brdx,750mL,16,21.99,2016-01-01
34_PITMERDEN_17918,34,PITMERDEN,17918,Tenuta San Guido Sassacia,1.5L,2,355.99,2016-01-01
7_STANMORE_8112,7,STANMORE,8112,Stolichnaya,1.75L,42,24.99,2016-01-01
32_MOUNTMEND_6918,32,MOUNTMEND,6918,Franzia Tap Cab Svgn,5L,12,17.99,2016-01-01
10_HORNSEY_31542,10,HORNSEY,31542,Morgan Winery Twelve Clones,750mL,90,23.99,2016-01-01
64_CESTERFIELD_32138,64,CESTERFIELD,32138,Bonterra Merlot Organic Mndc,750mL,7,13.99,2016-01-01
32_MOUNTMEND_19748,32,MOUNTMEND,19748,Clos du Bois Chard,1.5L,99,15.99,2016-01-01
49_GARIGILL_31195,49,GARIGILL,31195,Northstar Merlot Columbia,750mL,12,29.99,2016-01-01
73_DONCASTER_8623,73,DONCASTER,8623,Casamigos Anejo Tequila,50mL,59,2.99,2016-01-01
6_GOULCREST_4042,6,GOULCREST,4042,Bacardi Dragon Berry,50mL,112,0.99,2016-01-01
75_BARNCOMBE_35464,75,BARNCOMBE,35464,Stags Leap WC Artemis Cab,750mL,11,42.95,2016-01-01
69_MOUNTMEND_43900,69,MOUNTMEND,43900,Clio Jumilla Red,750mL,1,44.99,2016-01-01
1_HARDERSFIELD_1876,1,HARDERSFIELD,1876,Midleton Rare Irish Whiskey,750mL,0,149.99,2016-01-01
79_BALLYMENA_28736,79,BALLYMENA,28736,Turning Leaf RSV Pnt Grigio,750mL,18,5.99,2016-01-01
6_GOULCREST_4200,6,GOULCREST,4200,Bacardi Grand Melon,750mL,7,9.99,2016-01-01
44_PORTHCRAWL_9129,44,PORTHCRAWL,9129,Peychaud's Bitters,5.0 Oz,17,4.99,2016-01-01
9_BLACKPOOL_28690,9,BLACKPOOL,28690,Stonehedge Merlot Cal,750mL,2,9.99,2016-01-01
31_HORNSEY_33873,31,HORNSEY,33873,Bella Sera Pnt Grigio Del,750mL,11,6.49,2016-01-01
63_SWORDBREAK_19748,63,SWORDBREAK,19748,Clos du Bois Chard,1.5L,59,15.99,2016-01-01
49_GARIGILL_6150,49,GARIGILL,6150,Midnight Moon Blackberry,750mL,15,19.99,2016-01-01
41_LARNWICK_4296,41,LARNWICK,4296,Ronrico Silver Rum,1.75L,5,11.99,2016-01-01
76_DONCASTER_8033,76,DONCASTER,8033,Jack Daniels No 7 Black,50mL,50,2.99,2016-01-01
35_HALIVAARA_3857,35,HALIVAARA,3857,Grey Goose Vodka,1.75L,23,48.99,2016-01-01
16_LUNDY_8107,16,LUNDY,8107,Wild Turkey 101,1.75L,13,34.99,2016-01-01
61_AETHELNEY_39282,61,AETHELNEY,39282,Concannon Petite Sirah Cntrl,750mL,18,9.99,2016-01-01
39_EASTHALLOW_8897,39,EASTHALLOW,8897,Moet & Chandon Brut Imprl Ro,750mL,13,49.99,2016-01-01
43_WOLFORD_6280,43,WOLFORD,6280,Penfolds Koonunga Hill Chard,750mL,9,11.99,2016-01-01
38_GOULCREST_19822,38,GOULCREST,19822,Ch LaGrange 10 Brdx,750mL,14,105.99,2016-01-01
67_EANVERNESS_13113,67,EANVERNESS,13113,Ch Beaucastel Coud Rouge,750mL,9,32.99,2016-01-01
60_IRRAGIN_21000,60,IRRAGIN,21000,Bonpas Ch du Pape Rouge Rsv,750mL,1,42.99,2016-01-01
12_LEESIDE_39750,12,LEESIDE,39750,Red Diamond Merlot Wash,750mL,45,8.99,2016-01-01
79_BALLYMENA_37601,79,BALLYMENA,37601,Hardys Cab Svgn Ausl,3L,11,16.99,2016-01-01
63_SWORDBREAK_2426,63,SWORDBREAK,2426,The Glenlivet 15Yr FrenchOak,750mL,1,51.99,2016-01-01
9_BLACKPOOL_11141,9,BLACKPOOL,11141,C K Mondavi Chard,1.5L,11,9.99,2016-01-01
33_HORNSEY_31847,33,HORNSEY,31847,Saintsbury Carneros Pnt Nr,750mL,16,32.99,2016-01-01
10_HORNSEY_2678,10,HORNSEY,2678,Michter's Straight Rye,750mL,3,40.99,2016-01-01
22_SHARNWICK_6273,22,SHARNWICK,6273,Vendange Wh Znfdl,1.5L,11,7.99,2016-01-01
32_MOUNTMEND_4089,32,MOUNTMEND,4089,Capt Morgan White,1.75L,15,20.99,2016-01-01
39_EASTHALLOW_25789,39,EASTHALLOW,25789,Ch Pitot Brdx,750mL,8,9.99,2016-01-01
21_BALERNO_6933,21,BALERNO,6933,Ch Ste Michelle Svgn Bl,750mL,48,8.99,2016-01-01
70_KELD_12213,70,KELD,12213,Evodia Garnacha Old Vine,750mL,11,8.99,2016-01-01
79_BALLYMENA_37542,79,BALLYMENA,37542,Frogs Leap Chard Napa,750mL,22,29.99,2016-01-01
14_BROMWICH_8961,14,BROMWICH,8961,Jose Cuervo Especial,50mL,91,1.49,2016-01-01
73_DONCASTER_11449,73,DONCASTER,11449,Cambridge & Sunset Pnt Nr,750mL,11,12.99,2016-01-01
55_DRY GULCH_23326,55,DRY GULCH,23326,Ch Bernadotte Haut-Medoc 11,750mL,20,24.99,2016-01-01
70_KELD_8822,70,KELD,8822,Absolut 80 Proof,50mL,80,1.99,2016-01-01
38_GOULCREST_46367,38,GOULCREST,46367,Campo Al Mare Bolgheri,750mL,11,24.99,2016-01-01
53_HILLFAR_8475,53,HILLFAR,8475,J Roget Extra Dry,187mL,30,1.79,2016-01-01
59_CLAETHORPES_26827,59,CLAETHORPES,26827,Cavit Merlot Trentino,1.5L,4,9.99,2016-01-01
31_HORNSEY_1228,31,HORNSEY,1228,Glenfiddich Ancient RSV 18,750mL,2,94.99,2016-01-01
69_MOUNTMEND_8962,69,MOUNTMEND,8962,Pimms Cup No 1,750mL,14,17.99,2016-01-01
75_BARNCOMBE_1000,75,BARNCOMBE,1000,Goslings Dark'n Stormy VAP,750mL,0,14.99,2016-01-01
57_LANTEGLOS_5630,57,LANTEGLOS,5630,Cabin Fever Maple Liqueur,750mL,33,17.99,2016-01-01
72_HARDERSFIELD_7990,72,HARDERSFIELD,7990,Noilly Prat Sweet Vermouth,Liter,15,9.99,2016-01-01
69_MOUNTMEND_44712,69,MOUNTMEND,44712,Sonoma-Cutrer Chard Sonoma,750mL,17,20.99,2016-01-01
69_MOUNTMEND_8053,69,MOUNTMEND,8053,Seagrams 7 Crown,50mL,67,0.99,2016-01-01
73_DONCASTER_12771,73,DONCASTER,12771,Joel Gott Cab Svgn 815,750mL,30,12.99,2016-01-01
76_DONCASTER_22057,76,DONCASTER,22057,Le Macchiole Bolgheri Rosso,750mL,3,26.99,2016-01-01
71_CLARCTON_2245,71,CLARCTON,2245,DUKE Kentucky Bourbon,750mL,5,35.99,2016-01-01
49_GARIGILL_5075,49,GARIGILL,5075,Tuaca Italian Liqueur,750mL,8,21.99,2016-01-01
65_LUTON_3610,65,LUTON,3610,Smirnoff Cranberry Vodka,750mL,11,12.99,2016-01-01
31_HORNSEY_41751,31,HORNSEY,41751,Clos du Bois Pnt Grigio Cal,750mL,14,8.99,2016-01-01
30_CULCHETH_2637,30,CULCHETH,2637,The Feathery Blended Scotch,750mL,6,53.99,2016-01-01
67_EANVERNESS_20992,67,EANVERNESS,20992,Les Hauts de Lagarde Rouge,750mL,13,9.99,2016-01-01
56_BEGGAR'S HOLE_11354,56,BEGGAR'S HOLE,11354,Paso a Paso Tempranillo,750mL,7,9.99,2016-01-01
33_HORNSEY_19896,33,HORNSEY,19896,Masi Soave 2012 Classico,750mL,67,9.99,2016-01-01
4_EANVERNESS_5365,4,EANVERNESS,5365,Kahlua,750mL,132,18.99,2016-01-01
76_DONCASTER_7423,76,DONCASTER,7423,Manischewitz Concord Kosher,1.5L,13,7.99,2016-01-01
34_PITMERDEN_20935,34,PITMERDEN,20935,Chehalem Ian's Chard Rsv,750mL,11,24.49,2016-01-01
33_HORNSEY_1346,33,HORNSEY,1346,Knob Creek Bourbon,750mL,24,29.99,2016-01-01
38_GOULCREST_6995,38,GOULCREST,6995,Carlo Rossi Spanada Sangria,1.5L,16,6.99,2016-01-01
14_BROMWICH_2209,14,BROMWICH,2209,Pendleton 1910 Rye,750mL,4,29.99,2016-01-01
31_HORNSEY_44719,31,HORNSEY,44719,Cavit Prosecco Lunetta,750mL,15,9.99,2016-01-01
43_WOLFORD_5462,43,WOLFORD,5462,Barenjager Honey Liqueur,750mL,7,21.99,2016-01-01
24_PALPERROTH_26463,24,PALPERROTH,26463,Ravenswood Vints Blend Znfdl,750mL,29,7.99,2016-01-01
30_CULCHETH_1060,30,CULCHETH,1060,Jack Daniels Bruins Glass Pk,Liter,1,27.99,2016-01-01
61_AETHELNEY_14539,61,AETHELNEY,14539,Dom de Dionysos La Deveze,750mL,8,14.99,2016-01-01
4_EANVERNESS_41032,4,EANVERNESS,41032,Folie A Deux Amador Znfdl,750mL,13,16.99,2016-01-01
66_EANVERNESS_8078,66,EANVERNESS,8078,Glenfiddich Special Rsv 12Yr,375mL,22,19.99,2016-01-01
32_MOUNTMEND_3791,32,MOUNTMEND,3791,Jose Cuervo Especial Silver,375mL,18,10.99,2016-01-01
8_ALNERWICK_8523,8,ALNERWICK,8523,Glen Ellen Chard RSV,750mL,12,4.99,2016-01-01
23_ARBINGTON_8696,23,ARBINGTON,8696,Gekkeikan Plum Wine,750mL,10,10.99,2016-01-01
10_HORNSEY_3969,10,HORNSEY,3969,Jose Cuervo Tradicional,750mL,10,19.99,2016-01-01
9_BLACKPOOL_305,9,BLACKPOOL,305,Crown Royal Canadian Whisky,Liter,16,27.99,2016-01-01
62_KILMARNOCK_2120,62,KILMARNOCK,2120,Canadian Club,1.75L,72,15.99,2016-01-01
4_EANVERNESS_2814,4,EANVERNESS,2814,Hudson Bay Bourbon,375mL,2,39.99,2016-01-01
8_ALNERWICK_18142,8,ALNERWICK,18142,Banfi Brunello di Montalcino,750mL,2,59.99,2016-01-01
15_WANBORNE_5384,15,WANBORNE,5384,Window's Migaki Shochu,750mL,4,32.99,2016-01-01
8_ALNERWICK_2946,8,ALNERWICK,2946,Highland Park 15 Yr Old,750mL,2,79.99,2016-01-01
36_LEWES_3658,36,LEWES,3658,Patron Anejo Tequila,750mL,30,58.99,2016-01-01
66_EANVERNESS_5233,66,EANVERNESS,5233,Cointreau Liqueur,375mL,9,18.99,2016-01-01
66_EANVERNESS_3731,66,EANVERNESS,3731,Absolut Apeach,750mL,8,17.99,2016-01-01
19_WINTERVALE_2826,19,WINTERVALE,2826,Bowmore Small Batch Sngl Mlt,750mL,6,39.99,2016-01-01
62_KILMARNOCK_2963,62,KILMARNOCK,2963,Bruichladdich The Laddie Ten,750mL,0,59.99,2016-01-01
67_EANVERNESS_8395,67,EANVERNESS,8395,Casamigos Anejo,750mL,10,61.99,2016-01-01
49_GARIGILL_6658,49,GARIGILL,6658,Ch de la Chaize Brouilly,750mL,14,15.99,2016-01-01
68_SOLARIS_435,68,SOLARIS,435,Il Tramonto Limoncello,750mL,7,15.99,2016-01-01
29_AYLESBURY_8628,29,AYLESBURY,8628,Jadot Macon Villages Blanc,750mL,7,8.99,2016-01-01
76_DONCASTER_21731,76,DONCASTER,21731,Ch Moulin de la Rose St-Juln,750mL,6,67.99,2016-01-01
66_EANVERNESS_44041,66,EANVERNESS,44041,Bella Sera Pinot Noir Delle,1.5L,8,11.49,2016-01-01
20_BREDWARDINE_6867,20,BREDWARDINE,6867,Rodney Strong Pnt Nr,750mL,18,19.99,2016-01-01
39_EASTHALLOW_8072,39,EASTHALLOW,8072,Taittinger Brut La Francais,750mL,31,36.99,2016-01-01
71_CLARCTON_12505,71,CLARCTON,12505,Angelini Pnt Nr Veneto,750mL,15,9.99,2016-01-01
69_MOUNTMEND_8369,69,MOUNTMEND,8369,Pernod Anise Liqueur,750mL,23,33.99,2016-01-01
47_PELLA'S WISH_10296,47,PELLA'S WISH,10296,Alamos Slcn Malbec Mendoza,750mL,2,15.99,2016-01-01
69_MOUNTMEND_5390,69,MOUNTMEND,5390,Dr McGillicuddy's Peach,50mL,111,0.99,2016-01-01
75_BARNCOMBE_8053,75,BARNCOMBE,8053,Seagrams 7 Crown,50mL,118,0.99,2016-01-01
36_LEWES_5130,36,LEWES,5130,X Rated Fusion Liqueur,750mL,7,17.99,2016-01-01
59_CLAETHORPES_2932,59,CLAETHORPES,2932,Jameson Black Barrel,750mL,47,31.99,2016-01-01
56_BEGGAR'S HOLE_6285,56,BEGGAR'S HOLE,6285,Gallo Twin Valley Wh Znfdl C,1.5L,20,9.99,2016-01-01
11_CARDEND_13461,11,CARDEND,13461,R M Woodbridge Moscato,1.5L,12,8.99,2016-01-01
78_EASTHAVEN_39348,78,EASTHAVEN,39348,Sterling Vintners Cltn Pnt N,750mL,14,10.99,2016-01-01
17_OLDHAM_4916,17,OLDHAM,4916,Mr Boston Coffee Brandy,1.75L,9,9.99,2016-01-01
48_NORFOLK_5725,48,NORFOLK,5725,DeKuyper Sour Apple Pucker,750mL,15,9.99,2016-01-01
67_EANVERNESS_25137,67,EANVERNESS,25137,Nicole Chanrion Cote de Brou,750mL,24,17.99,2016-01-01
38_GOULCREST_46424,38,GOULCREST,46424,Hob Nob Pnt Nr VDP D'Oc,750mL,24,9.99,2016-01-01
26_KNIFE'S EDGE_4313,26,KNIFE'S EDGE,4313,Sauza Blue Silver Tequila,1.75L,7,26.99,2016-01-01
34_PITMERDEN_8674,34,PITMERDEN,8674,Riunite Moscato,1.5L,6,8.99,2016-01-01
11_CARDEND_3352,11,CARDEND,3352,Ciroc Coconut Vodka,750mL,15,24.99,2016-01-01
59_CLAETHORPES_46070,59,CLAETHORPES,46070,Carpineto Dogajolo Rose,750mL,8,14.99,2016-01-01
63_SWORDBREAK_3987,63,SWORDBREAK,3987,Smirnoff Peppermint Twist,750mL,4,10.99,2016-01-01
24_PALPERROTH_4042,24,PALPERROTH,4042,Bacardi Dragon Berry,50mL,52,0.99,2016-01-01
52_GRAYCOTT_2760,52,GRAYCOTT,2760,Jack Daniels Tennessee Honey,1.75L,18,36.99,2016-01-01
69_MOUNTMEND_11771,69,MOUNTMEND,11771,Palagetto Sottobosco Rosso,750mL,6,27.99,2016-01-01
31_HORNSEY_18893,31,HORNSEY,18893,19 Crimes Red,750mL,14,9.99,2016-01-01
27_MOUNTMEND_3335,27,MOUNTMEND,3335,Tanqueray Sterling Vodka,750mL,21,10.99,2016-01-01
38_GOULCREST_42785,38,GOULCREST,42785,Cakebread Benchland Cab Svgn,750mL,2,99.99,2016-01-01
69_MOUNTMEND_6782,69,MOUNTMEND,6782,Peter Vella Delicious Blush,5L,9,14.99,2016-01-01
69_MOUNTMEND_21129,69,MOUNTMEND,21129,St Supery Svgn Bl Napa,750mL,18,16.99,2016-01-01
1_HARDERSFIELD_883,1,HARDERSFIELD,883,Patron Burdeos Anejo Tequila,750mL,2,499.99,2016-01-01
60_IRRAGIN_3123,60,IRRAGIN,3123,Booths London Dry Gin,1.75L,28,14.99,2016-01-01
16_LUNDY_7865,16,LUNDY,7865,Moet & Chandon Imperial,750mL,18,34.99,2016-01-01
54_GUTHRAM_6553,54,GUTHRAM,6553,Harveys Bristol Cream Sherry,750mL,17,11.99,2016-01-01
68_SOLARIS_2043,68,SOLARIS,2043,I.W. Harper Bourbon,750mL,6,29.99,2016-01-01
40_BULLMAR_3368,40,BULLMAR,3368,Pinnacle Grape Vodka,1.75L,6,16.99,2016-01-01
76_DONCASTER_37312,76,DONCASTER,37312,Salmon Run NY Pnt Nr,750mL,24,14.99,2016-01-01
61_AETHELNEY_4149,61,AETHELNEY,4149,Sailor Jerry Spiced Navy Rum,50mL,63,1.49,2016-01-01
67_EANVERNESS_33966,67,EANVERNESS,33966,Prunotto Barolo DOCG,750mL,24,50.99,2016-01-01
28_LARNWICK_4330,28,LARNWICK,4330,Capt Morgan Spiced Rum 100,1.75L,26,25.99,2016-01-01
5_SUTTON_8200,5,SUTTON,8200,Chambord Liqueur de France,50mL,21,2.99,2016-01-01
12_LEESIDE_3694,12,LEESIDE,3694,Stolichnaya Razberi,750mL,23,16.99,2016-01-01
19_WINTERVALE_6234,19,WINTERVALE,6234,C Y Toro Front Cab/Merlot,1.5L,7,10.99,2016-01-01
8_ALNERWICK_8000,8,ALNERWICK,8000,The Glenlivet 12 Yr Single,1.75L,17,67.99,2016-01-01
61_AETHELNEY_5404,61,AETHELNEY,5404,E & J Superior Rsv VSOP,375mL,22,5.49,2016-01-01
48_NORFOLK_3058,48,NORFOLK,3058,Three Olives Vodka,50mL,0,0.99,2016-01-01
77_TAMWORTH_1348,77,TAMWORTH,1348,Knob Creek Bourbon,375mL,13,15.99,2016-01-01
9_BLACKPOOL_32796,9,BLACKPOOL,32796,Warre's Otima 10-Yr Tawny,500mL,6,19.99,2016-01-01
63_SWORDBREAK_6281,63,SWORDBREAK,6281,Franzia Sunset Blush Tap,5L,10,12.99,2016-01-01
11_CARDEND_3650,11,CARDEND,3650,Patron Silver Tequila,750mL,128,48.99,2016-01-01
24_PALPERROTH_2973,24,PALPERROTH,2973,Eagle Rare Single Barrel Bo,750mL,12,26.99,2016-01-01
59_CLAETHORPES_1734,59,CLAETHORPES,1734,Duggans Dew O Kirkintilloch,1.75L,8,23.49,2016-01-01
73_DONCASTER_45496,73,DONCASTER,45496,Conquista Malbec Mendoza,750mL,25,8.99,2016-01-01
26_KNIFE'S EDGE_1556,26,KNIFE'S EDGE,1556,Kahlua w/50mL Absolut+Glass,750mL,3,18.99,2016-01-01
5_SUTTON_4261,5,SUTTON,4261,Capt Morgan Spiced Rum,1.75L,24,21.99,2016-01-01
78_EASTHAVEN_3780,78,EASTHAVEN,3780,Three Olives Raspberry Vodk,750mL,20,14.99,2016-01-01
54_GUTHRAM_33581,54,GUTHRAM,33581,Masi Modello Delle Venezie,750mL,8,9.99,2016-01-01
66_EANVERNESS_45600,66,EANVERNESS,45600,Luigi Bosca La Linda Malbec,750mL,13,10.99,2016-01-01
79_BALLYMENA_17345,79,BALLYMENA,17345,Bogle Essential Red,750mL,52,9.99,2016-01-01
34_PITMERDEN_2522,34,PITMERDEN,2522,The Macallan 10 Yr Fine Oak,750mL,29,52.99,2016-01-01
48_NORFOLK_426,48,NORFOLK,426,Crystal Head Vodka,50mL,44,7.99,2016-01-01
66_EANVERNESS_24256,66,EANVERNESS,24256,Elk Cove Est Rsl,750mL,26,17.99,2016-01-01
19_WINTERVALE_2149,19,WINTERVALE,2149,Canadian Ltd Traveler,750mL,9,7.99,2016-01-01
40_BULLMAR_8166,40,BULLMAR,8166,Mount Gay Eclipse,750mL,13,19.99,2016-01-01
56_BEGGAR'S HOLE_20422,56,BEGGAR'S HOLE,20422,M Chiarlo Barberesco Anni 09,750mL,19,27.99,2016-01-01
51_ABERDEEN_3571,51,ABERDEEN,3571,Absolut Vanilia,50mL,108,1.99,2016-01-01
73_DONCASTER_3086,73,DONCASTER,3086,Ciroc Coconut Vodka,1.75L,3,47.99,2016-01-01
68_SOLARIS_3842,68,SOLARIS,3842,Barton Vodka,Liter,58,5.79,2016-01-01
56_BEGGAR'S HOLE_2543,56,BEGGAR'S HOLE,2543,Darnley's View Gin,750mL,6,23.99,2016-01-01
41_LARNWICK_3462,41,LARNWICK,3462,Absolut Ruby Red,750mL,30,17.99,2016-01-01
6_GOULCREST_42462,6,GOULCREST,42462,Gnarly Head Old Vine Znfdl,750mL,9,9.99,2016-01-01
62_KILMARNOCK_4153,62,KILMARNOCK,4153,Jenkins Rum,1.75L,17,11.99,2016-01-01
11_CARDEND_1883,11,CARDEND,1883,Seagrams 7 Crown,1.75L,11,17.99,2016-01-01
73_DONCASTER_21034,73,DONCASTER,21034,Cyrus Cab Svgn Alex Vly,750mL,5,54.99,2016-01-01
55_DRY GULCH_165,55,DRY GULCH,165,Gentleman Jack Gift Pack,750mL,0,26.99,2016-01-01
26_KNIFE'S EDGE_2183,26,KNIFE'S EDGE,2183,McClelland Highland Single,750mL,12,18.99,2016-01-01
74_PAENTMARWY_3533,74,PAENTMARWY,3533,Lidestri Pink Limoncello,750mL,6,18.99,2016-01-01
73_DONCASTER_5370,73,DONCASTER,5370,DiSaronno Rsva Ltd Edition,750mL,2,349.99,2016-01-01
34_PITMERDEN_3670,34,PITMERDEN,3670,Kinky Vodka,750mL,31,15.99,2016-01-01
78_EASTHAVEN_854,78,EASTHAVEN,854,Seagrams VO Canadian Whiskey,Liter,12,15.99,2016-01-01
21_BALERNO_8482,21,BALERNO,8482,Cabot Trail Cana Cream Maple,750mL,3,17.99,2016-01-01
25_CAERSHIRE_25846,25,CAERSHIRE,25846,Groth Svgn Bl Napa Valley,750mL,9,19.99,2016-01-01
47_PELLA'S WISH_8252,47,PELLA'S WISH,8252,Gazdina Rakija Plum Brandy,750mL,3,20.49,2016-01-01
1_HARDERSFIELD_29128,1,HARDERSFIELD,29128,Sutter Home Merlot Cal,187mL 4 Pk,6,5.99,2016-01-01
42_BLACK HOLLOW_25649,42,BLACK HOLLOW,25649,De Loach Chard Cal,750mL,11,9.99,2016-01-01
74_PAENTMARWY_1737,74,PAENTMARWY,1737,Makers Mark,1.75L,26,48.99,2016-01-01
32_MOUNTMEND_4580,32,MOUNTMEND,4580,Casamigos Reposado Tequila,375mL,9,29.99,2016-01-01
59_CLAETHORPES_2287,59,CLAETHORPES,2287,Johnnie Walker Double Black,750mL,17,39.99,2016-01-01
22_SHARNWICK_26732,22,SHARNWICK,26732,Bonterra Cab Svgn Organic,750mL,18,13.99,2016-01-01
73_DONCASTER_1064,73,DONCASTER,1064,Jack Daniels Honey + Glass,750mL,30,26.99,2016-01-01
24_PALPERROTH_7423,24,PALPERROTH,7423,Manischewitz Concord Kosher,1.5L,5,7.99,2016-01-01
15_WANBORNE_19645,15,WANBORNE,19645,Line 39 Pnt Nr,750mL,7,9.99,2016-01-01
7_STANMORE_4267,7,STANMORE,4267,Bacardi Limon Rum,1.75L,13,19.99,2016-01-01
56_BEGGAR'S HOLE_46763,56,BEGGAR'S HOLE,46763,Clayhouse Svgn Bl Paso Roble,750mL,19,11.99,2016-01-01
34_PITMERDEN_2922,34,PITMERDEN,2922,Usquaebach 15 Yr Whisky,750mL,15,69.99,2016-01-01
73_DONCASTER_8693,73,DONCASTER,8693,Ezra Brooks,750mL,22,9.99,2016-01-01
70_KELD_2664,70,KELD,2664,Firefly Moonshine,750mL,6,14.99,2016-01-01
79_BALLYMENA_26739,79,BALLYMENA,26739,Chalk Hill Chard RRV,750mL,10,39.99,2016-01-01
25_CAERSHIRE_2152,25,CAERSHIRE,2152,New Amsterdam Gin,750mL,12,9.99,2016-01-01
39_EASTHALLOW_2418,39,EASTHALLOW,2418,Crown Royal Regal Apple,750mL,23,21.99,2016-01-01
2_ASHBORNE_10609,2,ASHBORNE,10609,Oyster Bay Chard Marlboro,750mL,4,11.99,2016-01-01
66_EANVERNESS_3457,66,EANVERNESS,3457,Olmeca Altos Plata Tequila,1.75L,8,34.99,2016-01-01
41_LARNWICK_4414,41,LARNWICK,4414,Cruzan Pineapple Rum,750mL,24,9.99,2016-01-01
58_HARTLEPOOL_8978,58,HARTLEPOOL,8978,Riunite Lambrusco,3L,5,16.99,2016-01-01
11_CARDEND_802,11,CARDEND,802,Bacardi Torched Cherry Rum,750mL,11,9.99,2016-01-01
73_DONCASTER_2043,73,DONCASTER,2043,I.W. Harper Bourbon,750mL,5,29.99,2016-01-01
34_PITMERDEN_16996,34,PITMERDEN,16996,LaBelle Winery Americus,750mL,16,19.99,2016-01-01
15_WANBORNE_20598,15,WANBORNE,20598,Perez Cruz Cab Svgn Rsva,750mL,4,15.99,2016-01-01
19_WINTERVALE_3133,19,WINTERVALE,3133,Svedka Strwbry Lemonad Vodka,750mL,21,10.99,2016-01-01
7_STANMORE_2664,7,STANMORE,2664,Firefly Moonshine,750mL,2,14.99,2016-01-01
4_EANVERNESS_5767,4,EANVERNESS,5767,Jose Cuervo Strawberry Marg,1.75L,17,15.99,2016-01-01
23_ARBINGTON_14363,23,ARBINGTON,14363,Educated Guess Cab Svgn Napa,750mL,6,19.99,2016-01-01
31_HORNSEY_4262,31,HORNSEY,4262,Capt Morgan Spiced Rum,750mL,54,16.99,2016-01-01
47_PELLA'S WISH_2100,47,PELLA'S WISH,2100,Canadian Regal,1.75L,4,9.99,2016-01-01
60_IRRAGIN_20410,60,IRRAGIN,20410,Beringer Luminus Chard,750mL,6,29.95,2016-01-01
33_HORNSEY_20598,33,HORNSEY,20598,Perez Cruz Cab Svgn Rsva,750mL,12,15.99,2016-01-01
55_DRY GULCH_25386,55,DRY GULCH,25386,Champagne Pommerey 04 Gr Cru,750mL,10,49.99,2016-01-01
38_GOULCREST_4121,38,GOULCREST,4121,Tall Ship Appledore Rum,750mL,12,27.99,2016-01-01
48_NORFOLK_5109,48,NORFOLK,5109,Dr McGillicuddy's Menth Trav,750mL,9,12.99,2016-01-01
41_LARNWICK_1168,41,LARNWICK,1168,Old Grand Dad Bonded,750mL,12,19.99,2016-01-01
40_BULLMAR_10420,40,BULLMAR,10420,Barefoot Moscato Cal,750mL,2,4.99,2016-01-01
60_IRRAGIN_10935,60,IRRAGIN,10935,Grgich Hills Merlot Napa,750mL,4,42.99,2016-01-01
19_WINTERVALE_5403,19,WINTERVALE,5403,Amaretto di Amore,750mL,14,9.99,2016-01-01
69_MOUNTMEND_26945,69,MOUNTMEND,26945,Ferrari-Carano Fume Bl,750mL,25,12.99,2016-01-01
61_AETHELNEY_2209,61,AETHELNEY,2209,Pendleton 1910 Rye,750mL,4,29.99,2016-01-01
55_DRY GULCH_42579,55,DRY GULCH,42579,Voga del Venezie Pnt Grigio,750mL,24,9.99,2016-01-01
35_HALIVAARA_3591,35,HALIVAARA,3591,Absolut Vanilia,750mL,2,17.99,2016-01-01
30_CULCHETH_4624,30,CULCHETH,4624,Meukow 90,750mL,0,19.99,2016-01-01
34_PITMERDEN_35962,34,PITMERDEN,35962,Stags Leap Wine Petite Syrah,750mL,12,39.99,2016-01-01
14_BROMWICH_8454,14,BROMWICH,8454,Tres Agaves Anejo Tequila,750mL,2,32.99,2016-01-01
55_DRY GULCH_14805,55,DRY GULCH,14805,Ninety+Cellars Lot 23 Malbec,750mL,19,10.99,2016-01-01
69_MOUNTMEND_3921,69,MOUNTMEND,3921,Espolon Reposado Tequila,750mL,9,23.99,2016-01-01
8_ALNERWICK_34763,8,ALNERWICK,34763,Mas Donis Montsant Old Vines,750mL,6,11.99,2016-01-01
75_BARNCOMBE_13837,75,BARNCOMBE,13837,C Y Toro Frontera Pnt Grigio,1.5L,4,10.99,2016-01-01
8_ALNERWICK_26646,8,ALNERWICK,26646,Guenoc Petite Sirah N Cst,750mL,2,15.99,2016-01-01
77_TAMWORTH_3887,77,TAMWORTH,3887,Wolfschmidt Vodka 80 Proof,1.75L,12,10.99,2016-01-01
11_CARDEND_5330,11,CARDEND,5330,Kahlua White Russian RTD,1.75L,5,15.99,2016-01-01
34_PITMERDEN_22174,34,PITMERDEN,22174,QM Alvarinho White,750mL,7,21.99,2016-01-01
73_DONCASTER_25966,73,DONCASTER,25966,Robert Sinskey Pnt Nr Carner,750mL,21,35.99,2016-01-01
34_PITMERDEN_41974,34,PITMERDEN,41974,Beringer Classic Wh Znfdl,187mL 4 Pk,15,6.99,2016-01-01
6_GOULCREST_44208,6,GOULCREST,44208,Black Box Pnt Grigio,3L,7,18.99,2016-01-01
69_MOUNTMEND_6245,69,MOUNTMEND,6245,Blossom Hill Chard,1.5L,33,10.99,2016-01-01
33_HORNSEY_16325,33,HORNSEY,16325,Smoking Loon Red Loonatic,750mL,17,9.99,2016-01-01
6_GOULCREST_29169,6,GOULCREST,29169,Franzia Tap Merlot,5L,9,17.99,2016-01-01
25_CAERSHIRE_3329,25,CAERSHIRE,3329,Seagrams Extra Smooth Vodka,1.75L,10,14.99,2016-01-01
76_DONCASTER_3612,76,DONCASTER,3612,Taaka Vodka,1.75L,92,8.99,2016-01-01
70_KELD_2658,70,KELD,2658,Cutty Sark,750mL,10,15.99,2016-01-01
73_DONCASTER_35916,73,DONCASTER,35916,Stone Cellars Merlot,1.5L,18,8.99,2016-01-01
41_LARNWICK_39413,41,LARNWICK,39413,Mirassou Pnt Nr Cntrl Coast,750mL,30,8.99,2016-01-01
4_EANVERNESS_5697,4,EANVERNESS,5697,Metcalfe's Maple Liqueur,750mL,4,19.99,2016-01-01
3_HORNSEY_1001,3,HORNSEY,1001,Baileys 50mL 4 Pack,50mL 4 Pk,21,5.99,2016-01-01
67_EANVERNESS_21831,67,EANVERNESS,21831,Buoncristiani Family Chard,750mL,8,35.99,2016-01-01
75_BARNCOMBE_3887,75,BARNCOMBE,3887,Wolfschmidt Vodka 80 Proof,1.75L,19,10.99,2016-01-01
34_PITMERDEN_1505,34,PITMERDEN,1505,Cleveland Christmas Bourbon,750mL,130,27.99,2016-01-01
10_HORNSEY_4025,10,HORNSEY,4025,Bacardi Oakheart Spiced Rum,50mL,148,1.79,2016-01-01
50_MOUNTMEND_8599,50,MOUNTMEND,8599,Jenkins Amaretto,750mL,19,5.99,2016-01-01
50_MOUNTMEND_3970,50,MOUNTMEND,3970,El Toro Gold,750mL,17,9.29,2016-01-01
44_PORTHCRAWL_27461,44,PORTHCRAWL,27461,Ecco Domani Pnt Grigio Venez,750mL,23,8.99,2016-01-01
66_EANVERNESS_35123,66,EANVERNESS,35123,Terrabianca Campaccia,750mL,15,31.99,2016-01-01
23_ARBINGTON_29810,23,ARBINGTON,29810,Fess Parker Chard,750mL,10,16.99,2016-01-01
10_HORNSEY_7993,10,HORNSEY,7993,Stock Italian X Dry Vermouth,750mL,21,6.49,2016-01-01
51_ABERDEEN_6659,51,ABERDEEN,6659,Rosemount Diamond Chard,750mL,11,8.99,2016-01-01
28_LARNWICK_16327,28,LARNWICK,16327,Black Box Merlot,500mL,6,3.99,2016-01-01
76_DONCASTER_6983,76,DONCASTER,6983,J Lohr Seven Oaks Cab Svgn,750mL,70,14.99,2016-01-01
35_HALIVAARA_6918,35,HALIVAARA,6918,Franzia Tap Cab Svgn,5L,15,17.99,2016-01-01
79_BALLYMENA_29128,79,BALLYMENA,29128,Sutter Home Merlot Cal,187mL 4 Pk,16,5.99,2016-01-01
12_LEESIDE_32968,12,LEESIDE,32968,Alice White Chard Ausl,1.5L,10,13.99,2016-01-01
62_KILMARNOCK_3580,62,KILMARNOCK,3580,Smirnoff Orange Vodka,750mL,18,12.99,2016-01-01
60_IRRAGIN_21849,60,IRRAGIN,21849,Attems Pnt Grigio Ramato,750mL,17,16.99,2016-01-01
4_EANVERNESS_3980,4,EANVERNESS,3980,Hornitos Reposado Tequila,1.75L,35,39.99,2016-01-01
13_TARMSWORTH_16794,13,TARMSWORTH,16794,Freakshow Cab Svgn,750mL,3,17.99,2016-01-01
65_LUTON_15980,65,LUTON,15980,Moonlight Meadery Apple Pie,375mL,6,12.99,2016-01-01
28_LARNWICK_3489,28,LARNWICK,3489,Tanqueray,1.75L,56,27.99,2016-01-01
6_GOULCREST_21382,6,GOULCREST,21382,Barkan Clsc Merlot,750mL,7,13.99,2016-01-01
50_MOUNTMEND_20343,50,MOUNTMEND,20343,Milbrandt Traditions Cab Svg,750mL,12,15.99,2016-01-01
20_BREDWARDINE_8327,20,BREDWARDINE,8327,Jose Cuervo Silver w/Marg Mx,750mL,6,16.99,2016-01-01
57_LANTEGLOS_5661,57,LANTEGLOS,5661,Dr McGillicuddy's Root Beer,750mL,24,12.99,2016-01-01
51_ABERDEEN_1483,51,ABERDEEN,1483,DeKuyper Cane Trial Pack,50mL 4 Pk,1,2.99,2016-01-01
59_CLAETHORPES_1388,59,CLAETHORPES,1388,Red Stag by Jim Beam,1.75L,34,24.99,2016-01-01
15_WANBORNE_24703,15,WANBORNE,24703,Kenwood J London Cab Svgn,750mL,3,25.99,2016-01-01
41_LARNWICK_13163,41,LARNWICK,13163,Barefoot Bubbly Moscato,750mL,5,7.99,2016-01-01
7_STANMORE_21231,7,STANMORE,21231,La Marca Prosecco,187mL,16,4.49,2016-01-01
21_BALERNO_3989,21,BALERNO,3989,Deep Eddy Lemon Vodka,750mL,22,18.99,2016-01-01
55_DRY GULCH_39736,55,DRY GULCH,39736,Krupp Bros Veraison Red,750mL,6,47.99,2016-01-01
54_GUTHRAM_8892,54,GUTHRAM,8892,R Mondavi Cab Svgn Napa,750mL,15,26.99,2016-01-01
55_DRY GULCH_8496,55,DRY GULCH,8496,Jadot Chardonnay,750mL,27,14.99,2016-01-01
47_PELLA'S WISH_8630,47,PELLA'S WISH,8630,Fontana Candida Frascati,750mL,9,9.99,2016-01-01
60_IRRAGIN_24650,60,IRRAGIN,24650,Perrier Jouet BE Luxury Case,750mL,1,111.99,2016-01-01
1_HARDERSFIELD_1672,1,HARDERSFIELD,1672,Hpnotiq Sparkle,750mL,9,19.99,2016-01-01
60_IRRAGIN_17308,60,IRRAGIN,17308,Novelty Hill Cab Svgn CV,750mL,5,21.99,2016-01-01
73_DONCASTER_33768,73,DONCASTER,33768,Sensi Sangiovese/Cab Svgn T,750mL,8,26.99,2016-01-01
18_FURNESS_12495,18,FURNESS,12495,Cupcake Malbec,750mL,14,7.49,2016-01-01
39_EASTHALLOW_2780,39,EASTHALLOW,2780,Bulleit 10 Yr Old Bourbon,750mL,7,38.99,2016-01-01
5_SUTTON_19748,5,SUTTON,19748,Clos du Bois Chard,1.5L,19,15.99,2016-01-01
8_ALNERWICK_4679,8,ALNERWICK,4679,Courvoisier VS Cognac,375mL,12,11.99,2016-01-01
26_KNIFE'S EDGE_43809,26,KNIFE'S EDGE,43809,R M Woodbridge Pnt Nr,1.5L,18,8.99,2016-01-01
12_LEESIDE_28947,12,LEESIDE,28947,R M Woodbridge Merlot Cal,1.5L,54,8.99,2016-01-01
69_MOUNTMEND_21006,69,MOUNTMEND,21006,Ch Lassegue 05 GC St Emilion,750mL,4,94.99,2016-01-01
46_TYWARDREATH_8361,46,TYWARDREATH,8361,Carlo Rossi Chablis Calif,4L,3,14.99,2016-01-01
37_PAETHSMOUTH_4179,37,PAETHSMOUTH,4179,Bacardi Dragon Berry Rum,1.75L,6,19.99,2016-01-01
33_HORNSEY_46189,33,HORNSEY,46189,Napa Cellars Chard,750mL,8,16.99,2016-01-01
66_EANVERNESS_2368,66,EANVERNESS,2368,Balvenie 17 Yr Doublewood,750mL,13,139.99,2016-01-01
19_WINTERVALE_15393,19,WINTERVALE,15393,Cupcake Pnt Grigio,750mL,12,7.49,2016-01-01
32_MOUNTMEND_3012,32,MOUNTMEND,3012,Pinnacle Vodka,50mL,123,0.99,2016-01-01
41_LARNWICK_15979,41,LARNWICK,15979,Moonlight Meadery Wild,375mL,4,12.99,2016-01-01
52_GRAYCOTT_8749,52,GRAYCOTT,8749,Lugny Les Charmes Macon,750mL,17,15.99,2016-01-01
69_MOUNTMEND_24881,69,MOUNTMEND,24881,Monjardin El Cerezo Chard,750mL,22,11.99,2016-01-01
63_SWORDBREAK_1384,63,SWORDBREAK,1384,Bulleit 95 Rye,750mL,12,27.99,2016-01-01
76_DONCASTER_5101,76,DONCASTER,5101,Dr McGillicuddy's Mentholmnt,750mL,82,12.99,2016-01-01
30_CULCHETH_2748,30,CULCHETH,2748,Johnnie Walker Blue Label,1.75L,3,319.99,2016-01-01
50_MOUNTMEND_8905,50,MOUNTMEND,8905,Livingston Cellars Red Rose,3L,1,11.99,2016-01-01
52_GRAYCOTT_4247,52,GRAYCOTT,4247,Bacardi Limon Rum,750mL,6,9.99,2016-01-01
5_SUTTON_42350,5,SUTTON,42350,Black Box Shiraz Cntrl Coast,3L,7,18.99,2016-01-01
69_MOUNTMEND_126,69,MOUNTMEND,126,Grey Goose Vodka,Liter,35,29.99,2016-01-01
21_BALERNO_4249,21,BALERNO,4249,Capt Morgan White Coconut,750mL,8,12.99,2016-01-01
8_ALNERWICK_1388,8,ALNERWICK,1388,Red Stag by Jim Beam,1.75L,22,24.99,2016-01-01
51_ABERDEEN_1955,51,ABERDEEN,1955,Jack Daniels Tennessee Honey,375mL,18,12.99,2016-01-01
23_ARBINGTON_37921,23,ARBINGTON,37921,C Y Toro Carmenere Terrunyo,750mL,1,21.99,2016-01-01
48_NORFOLK_904,48,NORFOLK,904,Malibu Rum,Liter,13,17.99,2016-01-01
15_WANBORNE_23947,15,WANBORNE,23947,Ch Larose Trintaudon 09,750mL,7,23.99,2016-01-01
20_BREDWARDINE_5750,20,BREDWARDINE,5750,Malibu Rum Traveler,750mL,15,12.99,2016-01-01
41_LARNWICK_2960,41,LARNWICK,2960,The Macallan Fine Oak 15 Yr,750mL,11,94.99,2016-01-01
67_EANVERNESS_39104,67,EANVERNESS,39104,Olivier Chablis Savary,750mL,12,12.99,2016-01-01
66_EANVERNESS_8893,66,EANVERNESS,8893,Yukon Jack,750mL,32,16.99,2016-01-01
37_PAETHSMOUTH_31201,37,PAETHSMOUTH,31201,Beringer Fndrs Est Cab Svgn,750mL,16,8.99,2016-01-01
42_BLACK HOLLOW_5760,42,BLACK HOLLOW,5760,Grand Marnier Rasp-Peach,50mL,18,1.99,2016-01-01
33_HORNSEY_5359,33,HORNSEY,5359,Distroya Spiced Liqueur,750mL,10,17.99,2016-01-01
66_EANVERNESS_36153,66,EANVERNESS,36153,Edna Valley Paragon Pnt Nr,750mL,26,13.99,2016-01-01
77_TAMWORTH_2661,77,TAMWORTH,2661,Laphroaig Cask Strength 10Yr,750mL,3,61.99,2016-01-01
45_VERITAS_2902,45,VERITAS,2902,Stranahan's Colorado Whiskey,750mL,4,46.99,2016-01-01
53_HILLFAR_966,53,HILLFAR,966,Patron Citronge Orange Liqu,750mL,5,20.99,2016-01-01
35_HALIVAARA_8312,35,HALIVAARA,8312,Bols Curacao Orange,750mL,3,9.99,2016-01-01
1_HARDERSFIELD_38255,1,HARDERSFIELD,38255,Neirano Brachetto D'Acqui,750mL,1,16.49,2016-01-01
11_CARDEND_8781,11,CARDEND,8781,Rodney Strong Cab Svgn,750mL,73,15.99,2016-01-01
5_SUTTON_6420,5,SUTTON,6420,R M Woodbridge Chard Cal,750mL,19,7.99,2016-01-01
48_NORFOLK_3294,48,NORFOLK,3294,Leaf Vodka Alaskian Glacial,750mL,5,16.99,2016-01-01
55_DRY GULCH_28092,55,DRY GULCH,28092,Cline Ancient Vin Znfdl,750mL,26,14.99,2016-01-01
68_SOLARIS_1242,68,SOLARIS,1242,Jeremiah Weed Cinnamon Whsky,750mL,1,10.99,2016-01-01
66_EANVERNESS_15139,66,EANVERNESS,15139,Massimo Malbec Mendoza,750mL,18,9.99,2016-01-01
9_BLACKPOOL_8943,9,BLACKPOOL,8943,Malibu Rum Sparkler RTD,750mL,6,14.99,2016-01-01
66_EANVERNESS_2200,66,EANVERNESS,2200,Bonnie Rose Spiced Apple,750mL,15,19.99,2016-01-01
73_DONCASTER_8689,73,DONCASTER,8689,Paul Masson Rose,3L,10,9.99,2016-01-01
74_PAENTMARWY_8452,74,PAENTMARWY,8452,Cruzan Aged Light Rum,1.75L,4,16.99,2016-01-01
60_IRRAGIN_4327,60,IRRAGIN,4327,Capt Morgan Spiced Rum 100,750mL,11,19.99,2016-01-01
5_SUTTON_3693,5,SUTTON,3693,Smirnoff Ruby Red Grapefruit,750mL,10,12.99,2016-01-01
8_ALNERWICK_6495,8,ALNERWICK,6495,Exotico Blanco Tequila,750mL,14,13.99,2016-01-01
