brand,description,price,size,volume,classification,purchaseprice,vendornumber,vendorname
58,Gekkeikan Black & Gold Sake,12.99,750mL,750.0,1,9.28,8320,SHAW ROSS INT L IMP LTD
62,Herradura Silver Tequila,36.99,750mL,750.0,1,28.67,1128,BROWN-FORMAN CORP
63,Herradura Reposado Tequila,38.99,750mL,750.0,1,30.46,1128,BROWN-FORMAN CORP
72,No. 3 London Dry Gin,34.99,750mL,750.0,1,26.11,9165,ULTRA BEVERAGE COMPANY LLP
75,Three Olives Tomato Vodka,14.99,750mL,750.0,1,10.94,7245,PROXIMO SPIRITS INC.
77,Three Olives Espresso Vodka,12.99,750mL,750.0,1,10.39,7245,PROXIMO SPIRITS INC.
79,Three Olives Loopy Vodka,14.99,750mL,750.0,1,9.62,7245,PROXIMO SPIRITS INC.
115,Belvedere Vodka,27.99,1000mL,1000.0,1,21.37,8112,MOET HENNESSY USA INC
126,Grey Goose Vodka,32.99,1000mL,1000.0,1,20.14,480,BACARDI USA INC
168,Three Olives Strawberry,12.99,750mL,750.0,1,8.95,7245,PROXIMO SPIRITS INC.
171,Gentleman Jack,49.99,1750mL,1750.0,1,36.76,1128,BROWN-FORMAN CORP
173,Hornitos Reposado VAP,22.99,750mL,750.0,1,14.7,12546,JIM BEAM BRANDS COMPANY
175,1800 Anejo Tequila,36.99,750mL,750.0,1,26.8,7245,PROXIMO SPIRITS INC.
178,Wild Turkey Russell's RSV,29.99,750mL,750.0,1,20.76,11567,CAMPARI AMERICA
192,Milagro Anejo Tequila,35.99,750mL,750.0,1,27.68,3664,WILLIAM GRANT & SONS INC
211,Cold River Gin,24.99,750mL,750.0,1,19.83,4425,MARTIGNETTI COMPANIES
229,Sauza Gold VAP,12.99,750mL,750.0,1,10.39,12546,JIM BEAM BRANDS COMPANY
233,Tullamore Dew 12 Yr Old,46.99,750mL,750.0,1,30.21,3664,WILLIAM GRANT & SONS INC
247,Gran Patron Platinum Tequil,199.99,750mL,750.0,1,156.24,9165,ULTRA BEVERAGE COMPANY LLP
254,DeKuyper Root Beer Schnapps,10.99,1000mL,1000.0,1,8.79,12546,JIM BEAM BRANDS COMPANY
261,Svedka Citron Vodka,12.99,1000mL,1000.0,1,9.99,1392,CONSTELLATION BRANDS INC
273,Sauza Extra Gold Tequila,21.99,1750mL,1750.0,1,17.31,12546,JIM BEAM BRANDS COMPANY
283,Milagro Tequila Reposado SBR,61.99,750mL,750.0,1,39.69,3664,WILLIAM GRANT & SONS INC
284,Milagro Tequila Anejo SBR,77.99,750mL,750.0,1,53.43,3664,WILLIAM GRANT & SONS INC
294,Old Mexico Gold Tequila,8.49,1000mL,1000.0,1,6.79,9552,M S WALKER INC
305,Crown Royal Canadian Whisky,27.99,1000mL,1000.0,1,22.21,3960,DIAGEO NORTH AMERICA INC
323,Tequila Rose Strawberry Gift,13.99,750mL,750.0,1,10.6,5992,MCCORMICK DISTILLING CO
344,Punt e Mes Sweet Vermouth,19.99,750mL,750.0,1,15.74,9165,ULTRA BEVERAGE COMPANY LLP
361,Effen Cucumber Vodka,19.99,750mL,750.0,1,14.28,12546,JIM BEAM BRANDS COMPANY
376,Aperol Liqueur,26.99,750mL,750.0,1,18.97,11567,CAMPARI AMERICA
384,Ardbeg Corryvreckan Scotch,74.99,750mL,750.0,1,54.68,8112,MOET HENNESSY USA INC
388,Smirnoff 80 Proof,14.49,1000mL,1000.0,1,11.41,3960,DIAGEO NORTH AMERICA INC
408,Wild Turkey American Honey,16.99,750mL,750.0,1,12.97,11567,CAMPARI AMERICA
415,Jose Cuervo Especial,20.99,1000mL,1000.0,1,13.04,7245,PROXIMO SPIRITS INC.
419,Absolut Citron,21.99,1000mL,1000.0,1,15.99,17035,PERNOD RICARD USA
425,Hennessy Paradis,799.99,750mL,750.0,1,620.15,8112,MOET HENNESSY USA INC
426,Crystal Head Vodka,7.99,50mL,50.0,1,6.29,9165,ULTRA BEVERAGE COMPANY LLP
435,Il Tramonto Limoncello,17.99,750mL,750.0,1,12.79,7153,PINE STATE TRADING CO
438,Licor 43 Vanilla Liqueur,19.99,750mL,750.0,1,12.77,4425,MARTIGNETTI COMPANIES
443,St Germain Liqueur,33.99,750mL,750.0,1,24.45,480,BACARDI USA INC
450,Vincent Van Gogh Double Esp,24.99,750mL,750.0,1,19.52,4425,MARTIGNETTI COMPANIES
463,Kirk & Sweeney 12Yr Old Rum,33.99,750mL,750.0,1,24.63,653,STATE WINE & SPIRITS
482,Absolut 80 Proof,21.99,1000mL,1000.0,1,14.28,17035,PERNOD RICARD USA
485,Seagrams 7 Crown,12.99,1000mL,1000.0,1,10.39,3960,DIAGEO NORTH AMERICA INC
497,Capt Morgan Spiced Rum,19.99,1000mL,1000.0,1,14.7,3960,DIAGEO NORTH AMERICA INC
508,Bacardi Superior Rum,12.99,1000mL,1000.0,1,9.77,480,BACARDI USA INC
513,Ocean Vodka,28.99,750mL,750.0,1,23.01,9165,ULTRA BEVERAGE COMPANY LLP
515,Hirsch Selection Bourbon,35.99,750mL,750.0,1,25.36,9165,ULTRA BEVERAGE COMPANY LLP
525,El Tesoro Anejo Gold Tequil,39.99,750mL,750.0,1,31.0,12546,JIM BEAM BRANDS COMPANY
536,Svedka Cherry Vodka,12.99,1000mL,1000.0,1,9.92,1392,CONSTELLATION BRANDS INC
538,Amaretto DiSaronno,12.99,375mL,375.0,1,7.96,2555,DISARONNO INTERNATIONAL LLC
539,Bowman's Vodka,5.79,1000mL,1000.0,1,4.2,8004,SAZERAC CO INC
543,Berkshire Mtn Ethereal Gin,31.99,750mL,750.0,1,22.72,9552,M S WALKER INC
555,Art In The Age Sage,29.99,750mL,750.0,1,21.73,3664,WILLIAM GRANT & SONS INC
567,Ketel One Vodka,28.99,1000mL,1000.0,1,20.71,3960,DIAGEO NORTH AMERICA INC
592,The Glenlivet Archive 21 Yr,164.99,750mL,750.0,1,127.99,17035,PERNOD RICARD USA
597,Baileys Irish Cream,27.99,1000mL,1000.0,1,21.53,3960,DIAGEO NORTH AMERICA INC
605,Alate Kosher Wine,16.99,750mL,750.0,2,9.67,10754,PERFECTA WINES
607,Schmitt Sohne Funf Rsl,8.49,750mL,750.0,2,5.74,9552,M S WALKER INC
649,Sauza Tres Generaciones Pla,36.99,750mL,750.0,1,28.67,12546,JIM BEAM BRANDS COMPANY
653,Dom de Canton Ginger Liqueur,29.99,750mL,750.0,1,21.73,3924,HEAVEN HILL DISTILLERIES
661,Red Stag by Jim Beam,16.99,750mL,750.0,1,9.99,12546,JIM BEAM BRANDS COMPANY
664,Ardbeg Uigeadail Scotch,78.99,750mL,750.0,1,54.01,8112,MOET HENNESSY USA INC
676,Pinnacle Whipped Vodka,10.99,750mL,750.0,1,8.65,12546,JIM BEAM BRANDS COMPANY
680,Midnight Moon Strawberry,18.99,750mL,750.0,1,13.86,9165,ULTRA BEVERAGE COMPANY LLP
686,Midnight Moon Cherry,18.99,750mL,750.0,1,14.95,9165,ULTRA BEVERAGE COMPANY LLP
693,Svedka Vanilla Vodka,12.99,1000mL,1000.0,1,9.35,1392,CONSTELLATION BRANDS INC
742,DeKuyper Spearmint Schnapps,12.99,1000mL,1000.0,1,10.39,12546,JIM BEAM BRANDS COMPANY
743,Angels Envy Whiskey,45.99,750mL,750.0,1,36.5,480,BACARDI USA INC
753,LaBelle Winery Blueberry,19.99,750mL,750.0,2,13.79,90032,LABELLE VYDS AND WINERY
757,Jim Beam Rye,17.99,750mL,750.0,1,13.95,12546,JIM BEAM BRANDS COMPANY
758,Cointreau Liqueur,39.99,1000mL,1000.0,1,28.77,7239,REMY COINTREAU USA INC
759,Bunnahabhain 12 Yr Single,49.99,750mL,750.0,1,37.0,9165,ULTRA BEVERAGE COMPANY LLP
779,Svedka Raspberry Vodka,12.99,1000mL,1000.0,1,9.55,1392,CONSTELLATION BRANDS INC
780,Svedka Clementine Vodka,12.99,1000mL,1000.0,1,9.84,1392,CONSTELLATION BRANDS INC
782,Remy Martin 1738 Accord Ryl,54.99,750mL,750.0,1,35.15,7239,REMY COINTREAU USA INC
802,Bacardi Torched Cherry Rum,11.99,750mL,750.0,1,7.99,480,BACARDI USA INC
807,Jim Beam,19.99,1000mL,1000.0,1,13.23,12546,JIM BEAM BRANDS COMPANY
809,Southern Comfort,17.99,1000mL,1000.0,1,13.13,1128,BROWN-FORMAN CORP
810,Bacardi Black Razz,11.99,750mL,750.0,1,7.19,480,BACARDI USA INC
811,Jack Daniels No 7 Black,29.99,1000mL,1000.0,1,19.84,1128,BROWN-FORMAN CORP
812,Jagermeister Liqueur,22.99,1000mL,1000.0,1,17.03,3089,SIDNEY FRANK IMPORTING CO
820,Hennessy VS Cognac,39.99,1000mL,1000.0,1,25.54,8112,MOET HENNESSY USA INC
821,Grand Marnier,38.99,1000mL,1000.0,1,27.99,8112,MOET HENNESSY USA INC
822,Tanqueray,26.99,1000mL,1000.0,1,19.99,3960,DIAGEO NORTH AMERICA INC
824,Dewars White Label Scotch,26.99,1000mL,1000.0,1,20.76,480,BACARDI USA INC
828,Bols Sloe Gin,9.99,1000mL,1000.0,1,7.74,6213,MHW LTD
831,Bols Green Creme De Menthe,9.99,1000mL,1000.0,1,7.46,6213,MHW LTD
836,Bols Creme de Cassis,9.99,1000mL,1000.0,1,7.8,6213,MHW LTD
838,Bols Cherry Flavored Brandy,10.99,1000mL,1000.0,1,7.96,6213,MHW LTD
854,Seagrams VO Canadian Whiskey,15.99,1000mL,1000.0,1,11.67,3960,DIAGEO NORTH AMERICA INC
856,Chinaco Blanco Tequila,29.99,750mL,750.0,1,21.73,9165,ULTRA BEVERAGE COMPANY LLP
857,Kahlua,21.99,1000mL,1000.0,1,16.17,17035,PERNOD RICARD USA
858,Canadian Club,11.99,1000mL,1000.0,1,8.95,12546,JIM BEAM BRANDS COMPANY
859,Beefeater Gin,22.99,1000mL,1000.0,1,17.29,17035,PERNOD RICARD USA
870,Carpano Antica Formula,29.99,1000mL,1000.0,2,17.64,9165,ULTRA BEVERAGE COMPANY LLP
876,DeKuyper Creme de Cacao Whit,8.99,1000mL,1000.0,1,6.66,12546,JIM BEAM BRANDS COMPANY
883,Patron Burdeos Anejo Tequila,499.99,750mL,750.0,1,390.62,9165,ULTRA BEVERAGE COMPANY LLP
892,Uncle Val's Botanical Gin,33.99,750mL,750.0,1,24.99,653,STATE WINE & SPIRITS
903,Bombay Sapphire Gin,24.99,1000mL,1000.0,1,18.79,480,BACARDI USA INC
934,Tanteo Jalapeno Tequila,35.99,750mL,750.0,1,26.08,9165,ULTRA BEVERAGE COMPANY LLP
942,Glenmorangie Nectar D'Or,64.99,750mL,750.0,1,45.45,8112,MOET HENNESSY USA INC
950,Mastersons 10 Yr Old Rye,79.99,750mL,750.0,1,58.82,653,STATE WINE & SPIRITS
966,Patron Citronge Orange Liqu,20.99,750mL,750.0,1,16.15,9165,ULTRA BEVERAGE COMPANY LLP
970,Prairie Organic Kosher Vodka,17.99,750mL,750.0,1,12.11,9206,PHILLIPS PRODUCTS CO.
971,Sauza Extra Gold Tequila,15.99,1000mL,1000.0,1,11.42,12546,JIM BEAM BRANDS COMPANY
973,Bacardi 1873 Solera Rum,19.99,750mL,750.0,1,11.9,480,BACARDI USA INC
984,Patron XO Cafe Liqueur,25.99,750mL,750.0,1,20.63,9165,ULTRA BEVERAGE COMPANY LLP
993,Three Olives S'Mores Vodka,14.99,750mL,750.0,1,8.33,7245,PROXIMO SPIRITS INC.
999,Jameson 18 Year Old,114.99,750mL,750.0,1,89.84,17035,PERNOD RICARD USA
1094,Four Roses Single Barrel Brb,40.99,750mL,750.0,1,29.92,9552,M S WALKER INC
1099,Angel's Envy NH Blend Bourbn,45.99,750mL,750.0,1,33.33,480,BACARDI USA INC
1106,Aberfeldy Single Cask,249.99,750mL,750.0,1,155.55,480,BACARDI USA INC
1133,Glenmorangie Collection 4 Pk,31.99,100mL 4 Pk,100.0,1,23.01,8112,MOET HENNESSY USA INC
1135,Rebel Reserve Bourbon,19.99,750mL,750.0,1,15.62,8352,LUXCO INC
1136,Malibu 50ml Sampler Pack,4.99,50mL 5 Pk,50.0,1,3.87,17035,PERNOD RICARD USA
1174,Rebel Yell,19.99,1750mL,1750.0,1,15.87,8352,LUXCO INC
1178,Evan Williams Black Label B,10.99,750mL,750.0,1,7.83,3924,HEAVEN HILL DISTILLERIES
1180,Evan Williams Black Label B,16.99,1750mL,1750.0,1,13.07,3924,HEAVEN HILL DISTILLERIES
1186,Evan Williams Single Barrel,24.99,750mL,750.0,1,17.98,3924,HEAVEN HILL DISTILLERIES
1202,Hennessy VS Chain VAP,31.99,750mL,750.0,1,19.28,8112,MOET HENNESSY USA INC
1212,DiSaronna Amaretto Sour VAP,21.99,750mL,750.0,1,14.38,2555,DISARONNO INTERNATIONAL LLC
1220,Woodford Reserve Bourbon,29.99,750mL,750.0,1,21.89,1128,BROWN-FORMAN CORP
1226,Lexington Bourbon,29.99,750mL,750.0,1,19.99,9625,WESTERN SPIRITS BEVERAGE CO
1228,Glenfiddich Ancient RSV 18,95.99,750mL,750.0,1,69.76,3664,WILLIAM GRANT & SONS INC
1231,Jack Daniels No 7 Black,12.99,375mL,375.0,1,9.48,1128,BROWN-FORMAN CORP
1232,Jack Daniels No 7 Black,22.99,750mL,750.0,1,15.93,1128,BROWN-FORMAN CORP
1233,Jack Daniels No 7 Black,36.99,1750mL,1750.0,1,26.27,1128,BROWN-FORMAN CORP
1237,Jack Daniels Single Barrel,44.99,750mL,750.0,1,33.83,1128,BROWN-FORMAN CORP
1238,The Glenlivet 12 Yr Single,4.99,50mL,50.0,1,3.56,17035,PERNOD RICARD USA
1239,Booker's Bourbon,49.99,750mL,750.0,1,39.99,12546,JIM BEAM BRANDS COMPANY
1242,Jeremiah Weed Cinnamon Whsky,10.99,750mL,750.0,1,8.02,3960,DIAGEO NORTH AMERICA INC
1244,Jack Daniels Winter Jack,17.99,750mL,750.0,1,12.79,1128,BROWN-FORMAN CORP
1252,Jim Beam Bonded Bourbon,22.99,750mL,750.0,1,13.84,12546,JIM BEAM BRANDS COMPANY
1258,Jim Beam Black,22.99,750mL,750.0,1,17.03,12546,JIM BEAM BRANDS COMPANY
1269,Jeffersons Bourbon,25.99,750mL,750.0,1,19.11,1485,CASTLE BRANDS CORP.
1271,Jeffersons Reserve Bourbon,49.99,750mL,750.0,1,37.59,1485,CASTLE BRANDS CORP.
1273,Jim Beam Choice,31.99,1750mL,1750.0,1,23.19,12546,JIM BEAM BRANDS COMPANY
1274,No. 14 Bourbon,44.99,750mL,750.0,1,34.88,9165,ULTRA BEVERAGE COMPANY LLP
1278,Jim Beam Black,35.99,1750mL,1750.0,1,26.71,12546,JIM BEAM BRANDS COMPANY
1281,Benchmark Old #8 Bourbon,14.99,1750mL,1750.0,1,11.19,8004,SAZERAC CO INC
1282,Small Batch 1792,29.99,750mL,750.0,1,18.7,660,SAZERAC NORTH AMERICA INC.
1295,Jack Daniels No 7 Black,3.99,100mL,100.0,1,2.89,1128,BROWN-FORMAN CORP
1296,Tap 357 Maple Rye Whisky,26.99,750mL,750.0,1,20.6,4425,MARTIGNETTI COMPANIES
1304,Jeremiah Weed Sarsaparilla,10.99,750mL,750.0,1,8.33,3960,DIAGEO NORTH AMERICA INC
1309,Makers Mark Cask Strength,59.99,750mL,750.0,1,44.44,12546,JIM BEAM BRANDS COMPANY
1323,Early Times,16.99,1750mL,1750.0,1,13.59,1128,BROWN-FORMAN CORP
1328,Ole Smoky Peach Moonshine,19.99,750mL,750.0,1,12.49,6359,OLE SMOKY DISTILLERY LLC
1340,Jim Beam Jacob's Ghost,21.99,750mL,750.0,1,14.05,12546,JIM BEAM BRANDS COMPANY
1343,Jack Daniels Sinatra Select,165.99,1000mL,1000.0,1,122.96,1128,BROWN-FORMAN CORP
1345,Basil Hayden Bourbon,37.99,750mL,750.0,1,28.45,12546,JIM BEAM BRANDS COMPANY
1346,Knob Creek Bourbon,29.99,750mL,750.0,1,22.55,12546,JIM BEAM BRANDS COMPANY
1347,Bakers Bourbon,39.99,750mL,750.0,1,31.24,12546,JIM BEAM BRANDS COMPANY
1348,Knob Creek Bourbon,17.99,375mL,375.0,1,11.84,12546,JIM BEAM BRANDS COMPANY
1352,Patron Anejo Clsc Gift Set,61.99,750mL,750.0,1,41.0,9165,ULTRA BEVERAGE COMPANY LLP
1355,Knob Creek Bourbon,3.49,50mL,50.0,1,2.59,12546,JIM BEAM BRANDS COMPANY
1358,Knob Creek Bourbon,64.99,1750mL,1750.0,1,42.85,12546,JIM BEAM BRANDS COMPANY
1359,Knob Creek Rye,32.99,750mL,750.0,1,21.87,12546,JIM BEAM BRANDS COMPANY
1361,BenRiach 1994,189.99,750mL,750.0,1,138.68,9165,ULTRA BEVERAGE COMPANY LLP
1364,Bols Pumpkin Spice,9.99,750mL,750.0,1,7.46,6213,MHW LTD
1365,Stoli Mini Bar 5/50mLs Pack,7.99,50mL 5 Pk,50.0,1,6.05,8664,"STOLI GROUP,(USA) LLC"
1366,Red Stag by Jim Beam,1.29,50mL,50.0,1,0.93,12546,JIM BEAM BRANDS COMPANY
1373,Jim Beam Honey,16.99,750mL,750.0,1,10.36,12546,JIM BEAM BRANDS COMPANY
1375,Jim Beam,14.49,750mL,750.0,1,11.5,12546,JIM BEAM BRANDS COMPANY
1376,Jim Beam,21.99,1750mL,1750.0,1,16.29,12546,JIM BEAM BRANDS COMPANY
1378,Jim Beam,9.49,375mL,375.0,1,7.08,12546,JIM BEAM BRANDS COMPANY
1379,Jim Beam Traveler,14.49,750mL,750.0,1,11.41,12546,JIM BEAM BRANDS COMPANY
1380,Bulleit 95 Rye,49.99,1750mL,1750.0,1,34.05,3960,DIAGEO NORTH AMERICA INC
1382,Makers 46,39.99,750mL,750.0,1,28.56,12546,JIM BEAM BRANDS COMPANY
1384,Bulleit 95 Rye,25.99,750mL,750.0,1,18.93,3960,DIAGEO NORTH AMERICA INC
1385,Makers Mark,26.99,750mL,750.0,1,20.45,12546,JIM BEAM BRANDS COMPANY
1386,George Dickel No 8 Bourbon,21.99,750mL,750.0,1,14.59,3960,DIAGEO NORTH AMERICA INC
1388,Red Stag by Jim Beam,28.99,1750mL,1750.0,1,19.22,12546,JIM BEAM BRANDS COMPANY
1389,Makers Mark,2.99,50mL,50.0,1,2.18,12546,JIM BEAM BRANDS COMPANY
1392,Red Stag Hardcore Cider,16.99,750mL,750.0,1,10.6,12546,JIM BEAM BRANDS COMPANY
1393,Jim Beam,4.99,200mL,200.0,1,3.14,12546,JIM BEAM BRANDS COMPANY
1394,Makers Mark,16.49,375mL,375.0,1,12.68,12546,JIM BEAM BRANDS COMPANY
1395,Old Crow,8.99,750mL,750.0,1,5.88,12546,JIM BEAM BRANDS COMPANY
1396,Old Crow,15.99,1750mL,1750.0,1,10.44,12546,JIM BEAM BRANDS COMPANY
1397,Jim Beam Kentucky Fire,16.99,750mL,750.0,1,10.76,12546,JIM BEAM BRANDS COMPANY
1398,Blantons Sgl Barrel Bourbon,56.99,750mL,750.0,1,40.59,8004,SAZERAC CO INC
1399,Jim Beam Signature Craft,36.99,750mL,750.0,1,27.81,12546,JIM BEAM BRANDS COMPANY
1404,Woodford Rsv Master Coll Pnt,89.99,750mL,750.0,1,64.28,1128,BROWN-FORMAN CORP
1415,Old Grand Dad,14.99,750mL,750.0,1,10.39,12546,JIM BEAM BRANDS COMPANY
1416,Old Grand Dad,24.99,1750mL,1750.0,1,19.83,12546,JIM BEAM BRANDS COMPANY
1424,Bulleit Bourbon,14.99,375mL,375.0,1,9.69,3960,DIAGEO NORTH AMERICA INC
1425,Granite Lightning Whiskey,27.99,750mL,750.0,1,20.73,28750,SMOKY QUARTZ DISTILLERY LLC
1464,Tin Cup Whiskey,25.99,750mL,750.0,1,19.22,7245,PROXIMO SPIRITS INC.
1465,Woodford Rsv Bourbon,14.99,375mL,375.0,1,11.02,1128,BROWN-FORMAN CORP
1468,Knob Creek Single Barrel Rsv,44.99,750mL,750.0,1,31.49,12546,JIM BEAM BRANDS COMPANY
1476,Jim Beam Traveler,21.99,1750mL,1750.0,1,16.05,12546,JIM BEAM BRANDS COMPANY
1479,Ten High,11.99,1750mL,1750.0,1,9.22,660,SAZERAC NORTH AMERICA INC.
1535,Gentleman Jack,3.99,50mL,50.0,1,3.14,1128,BROWN-FORMAN CORP
1542,Bowen's American Whiskey,29.99,750mL,750.0,1,22.72,9751,VINEDREA WINES LLC
1545,Gentleman Jack,29.99,750mL,750.0,1,19.42,1128,BROWN-FORMAN CORP
1595,Gentleman Jack,15.99,375mL,375.0,1,10.93,1128,BROWN-FORMAN CORP
1623,Bulleit 95 Rye,14.99,375mL,375.0,1,10.07,3960,DIAGEO NORTH AMERICA INC
1634,The Famous Grouse,29.99,1750mL,1750.0,1,20.73,2561,EDRINGTON AMERICAS
1637,Fleischmanns Preferred,11.49,1750mL,1750.0,1,8.13,660,SAZERAC NORTH AMERICA INC.
1639,The Famous Grouse,22.99,750mL,750.0,1,15.74,2561,EDRINGTON AMERICAS
1657,Dalwhinnie Distillers Edtion,69.99,750mL,750.0,1,51.46,3960,DIAGEO NORTH AMERICA INC
1692,Everclear 151,19.99,750mL,750.0,1,13.4,8352,LUXCO INC
1715,Ole Smoky Apple Pie Moonshne,19.99,750mL,750.0,1,13.76,6359,OLE SMOKY DISTILLERY LLC
1725,Ole Smoky White Lightnin',19.99,750mL,750.0,1,14.17,6359,OLE SMOKY DISTILLERY LLC
1728,Aberlour 16 Year Old Single,54.99,750mL,750.0,1,41.35,17035,PERNOD RICARD USA
1734,Duggans Dew O Kirkintilloch,21.99,1750mL,1750.0,1,17.45,2496,DUGGANS DISTILLED PRODUCTS
1737,Makers Mark,51.99,1750mL,1750.0,1,34.3,12546,JIM BEAM BRANDS COMPANY
1738,Ole Smoky Moonshine Cherries,19.99,750mL,750.0,1,14.72,6359,OLE SMOKY DISTILLERY LLC
1740,Glenkinchie 12 YO Scotch,59.99,750mL,750.0,1,40.71,3960,DIAGEO NORTH AMERICA INC
1744,Old Forester 100 Bourbon,21.99,750mL,750.0,1,17.05,1128,BROWN-FORMAN CORP
1746,Tomatin 12 Yr Old Scotch,26.99,750mL,750.0,1,19.99,9206,PHILLIPS PRODUCTS CO.
1748,William Grant Scotch,15.99,750mL,750.0,1,10.29,3664,WILLIAM GRANT & SONS INC
1758,Aberlour Glenlivet 12 Yr,39.99,750mL,750.0,1,29.76,17035,PERNOD RICARD USA
1760,William Grant Scotch,25.99,1750mL,1750.0,1,19.69,3664,WILLIAM GRANT & SONS INC
1767,Buffalo Trace Bourbon,24.99,750mL,750.0,1,19.37,8004,SAZERAC CO INC
1770,Jack Daniels Tennessee Fire,38.99,1750mL,1750.0,1,26.42,1128,BROWN-FORMAN CORP
1771,Jack Daniels Tennessee Fire,0.99,50mL,50.0,1,0.75,1128,BROWN-FORMAN CORP
1781,Wild Turkey Russell's Rsv,49.99,750mL,750.0,1,37.59,11567,CAMPARI AMERICA
1789,Jack Daniels Tennesse Fire,22.99,750mL,750.0,1,17.16,1128,BROWN-FORMAN CORP
1790,Morrigan Irish Whiskey,27.99,750mL,750.0,1,15.5,9165,ULTRA BEVERAGE COMPANY LLP
1817,Irishman Founders RSV Whisky,21.99,750mL,750.0,1,16.79,6785,PALM BAY INTERNATIONAL INC
1835,Knappogue Castle Irish Whsky,26.99,750mL,750.0,1,19.7,1485,CASTLE BRANDS CORP.
1836,Tyrconnell Irish Whiskey,29.99,750mL,750.0,1,21.73,12546,JIM BEAM BRANDS COMPANY
1845,Cluny Scotch Whiskey,15.99,1750mL,1750.0,1,11.27,3252,E & J GALLO WINERY
1848,Oban Little Bay Single Malt,62.99,750mL,750.0,1,47.01,3960,DIAGEO NORTH AMERICA INC
1860,Bruichladdich Islay Barley,59.99,750mL,750.0,1,46.15,7239,REMY COINTREAU USA INC
1862,John Power Irish Whiskey,25.99,750mL,750.0,1,19.22,17035,PERNOD RICARD USA
1867,Jack Daniels Tennessee Honey,2.99,50mL,50.0,1,2.15,1128,BROWN-FORMAN CORP
1868,Lagavulin Single Malt 16-Yr,66.99,750mL,750.0,1,49.62,3960,DIAGEO NORTH AMERICA INC
1869,Oban 14-Yr Single Malt,54.99,750mL,750.0,1,40.14,3960,DIAGEO NORTH AMERICA INC
1870,Oban Distiller's Edition,79.99,750mL,750.0,1,59.69,3960,DIAGEO NORTH AMERICA INC
1874,Bruichladdich Octomore 61,109.99,750mL,750.0,1,84.61,7239,REMY COINTREAU USA INC
1875,Bushmills Black Bush,31.99,750mL,750.0,1,20.71,7245,PROXIMO SPIRITS INC.
1876,Midleton Rare Irish Whiskey,149.99,750mL,750.0,1,106.61,17035,PERNOD RICARD USA
1880,The Glenlivet Nadurra 16 Yr,63.99,750mL,750.0,1,46.71,17035,PERNOD RICARD USA
1883,Seagrams 7 Crown,17.99,1750mL,1750.0,1,13.23,3960,DIAGEO NORTH AMERICA INC
1886,Seagrams 7 Crown,10.99,750mL,750.0,1,7.96,3960,DIAGEO NORTH AMERICA INC
1892,Yukon Jack,0.99,50mL,50.0,1,0.72,3960,DIAGEO NORTH AMERICA INC
1893,Port Charlotte Scotch Barley,54.99,750mL,750.0,1,43.99,7239,REMY COINTREAU USA INC
1896,The Glenlivet 18 Yr Single,94.99,750mL,750.0,1,68.83,17035,PERNOD RICARD USA
1920,Bowman Brothers Small Batch,29.99,750mL,750.0,1,22.55,8004,SAZERAC CO INC
1921,Glenfiddich Special Rsv 12,67.99,1750mL,1750.0,1,52.71,3664,WILLIAM GRANT & SONS INC
1955,Jack Daniels Tennessee Honey,12.99,375mL,375.0,1,9.62,1128,BROWN-FORMAN CORP
1956,Balvenie 12 Yr Doublewood S,53.99,750mL,750.0,1,39.99,3664,WILLIAM GRANT & SONS INC
1961,Everclear 151,34.99,1750mL,1750.0,1,23.91,8352,LUXCO INC
1964,Jim Beam Single Barrel,29.99,750mL,750.0,1,23.07,12546,JIM BEAM BRANDS COMPANY
1974,Breaking & Entering Bourbon,37.99,750mL,750.0,1,29.91,9165,ULTRA BEVERAGE COMPANY LLP
1987,White Mountain Moonshine,18.99,375mL,375.0,1,13.66,17031,FLAG HILL WINERY & VINEYARD
1997,Charles Goodnight Bourbon,42.99,750mL,750.0,1,30.93,4425,MARTIGNETTI COMPANIES
2008,Rebel Yell Small Batch Rye,21.99,750mL,750.0,1,16.66,8352,LUXCO INC
2015,Jack Daniels Tennessee Honey,22.99,750mL,750.0,1,18.1,1128,BROWN-FORMAN CORP
2016,Ardbeg Perpetuum Single Malt,99.99,750mL,750.0,1,74.62,8112,MOET HENNESSY USA INC
2017,Redbreast Irish Whiskey,63.99,750mL,750.0,1,44.77,17035,PERNOD RICARD USA
2024,Black Velvet Toasted Caramel,5.99,375mL,375.0,1,4.44,1392,CONSTELLATION BRANDS INC
2026,Camarena Silver Tequila,18.99,750mL,750.0,1,14.61,3252,E & J GALLO WINERY
2027,Mayfair London Dry Gin,29.99,750mL,750.0,1,16.66,6213,MHW LTD
2029,Springbank 10 Yr Scotch,68.99,750mL,750.0,1,51.1,9165,ULTRA BEVERAGE COMPANY LLP
2030,Glen Moray 12 Yr Scotch,30.99,750mL,750.0,1,23.48,7153,PINE STATE TRADING CO
2035,Glen Moray Classic Scotch,19.99,750mL,750.0,1,14.28,7153,PINE STATE TRADING CO
2036,Jim Beam Signature Craft Ltd,36.99,750mL,750.0,1,29.13,12546,JIM BEAM BRANDS COMPANY
2041,Redbreast 15 Yr Old Irish,84.99,750mL,750.0,1,61.14,17035,PERNOD RICARD USA
2043,I.W. Harper Bourbon,29.99,750mL,750.0,1,23.07,3960,DIAGEO NORTH AMERICA INC
2047,Sheep Dip Scotch,34.99,750mL,750.0,1,25.36,9744,FREDERICK WILDMAN & SONS
2050,Tomatin 18 Yr Single Malt,64.99,750mL,750.0,1,49.61,9206,PHILLIPS PRODUCTS CO.
2062,Woodford Reserve Bourbon,59.99,1750mL,1750.0,1,44.11,1128,BROWN-FORMAN CORP
2082,Balvenie 15 Yr Sherry Cask,109.99,750mL,750.0,1,74.07,3664,WILLIAM GRANT & SONS INC
2085,Jesse James America's Outlaw,13.99,750mL,750.0,1,10.6,653,STATE WINE & SPIRITS
2088,The Glenlivet 25 Yr Old,299.99,750mL,750.0,1,223.87,17035,PERNOD RICARD USA
2089,Bloom Gin,24.99,750mL,750.0,1,16.53,7153,PINE STATE TRADING CO
2097,Ole Smoky Hunch Punch Lightn,15.99,750mL,750.0,1,12.11,6359,OLE SMOKY DISTILLERY LLC
2098,Snake River Stampede Whisky,29.99,750mL,750.0,1,16.29,9165,ULTRA BEVERAGE COMPANY LLP
2100,Canadian Regal,9.99,1750mL,1750.0,1,7.24,9552,M S WALKER INC
2101,New Amsterdam Gin,5.99,375mL,375.0,1,4.37,3252,E & J GALLO WINERY
2104,Westland American Sngle Malt,69.99,750mL,750.0,1,50.35,9165,ULTRA BEVERAGE COMPANY LLP
2105,Black Velvet Toasted Caramel,9.99,750mL,750.0,1,7.87,1392,CONSTELLATION BRANDS INC
2108,Ole Smoky Strawberry Lightin,15.99,750mL,750.0,1,12.59,6359,OLE SMOKY DISTILLERY LLC
2112,Cutty Sark Prohibition,26.99,750mL,750.0,1,15.55,2561,EDRINGTON AMERICAS
2114,Black Velvet Canadian Whisky,12.99,1750mL,1750.0,1,9.41,1392,CONSTELLATION BRANDS INC
2115,Black Velvet,7.99,750mL,750.0,1,4.88,1392,CONSTELLATION BRANDS INC
2116,Sapling Maple Bourbon,41.99,750mL,750.0,1,27.33,9165,ULTRA BEVERAGE COMPANY LLP
2117,Black Velvet Traveler,8.99,750mL,750.0,1,5.88,1392,CONSTELLATION BRANDS INC
2120,Canadian Club,16.99,1750mL,1750.0,1,12.21,12546,JIM BEAM BRANDS COMPANY
2121,Canadian Club Traveler,9.99,750mL,750.0,1,7.8,12546,JIM BEAM BRANDS COMPANY
2122,Canadian Club 1858,9.99,750mL,750.0,1,7.8,12546,JIM BEAM BRANDS COMPANY
2123,Angel's Envy Rye,79.99,750mL,750.0,1,57.96,480,BACARDI USA INC
2127,Canadian Ltd,10.49,1750mL,1750.0,1,7.19,660,SAZERAC NORTH AMERICA INC.
2129,Ole Smoky Charred Tennesse,18.99,750mL,750.0,1,13.56,6359,OLE SMOKY DISTILLERY LLC
2130,Bully Boy American Whiskey,29.99,750mL,750.0,1,22.05,1189,BULLY BOY DISTILLERS
2131,Jack Daniels No 7 Black Trav,12.99,375mL,375.0,1,10.15,1128,BROWN-FORMAN CORP
2132,Lord Calvert Canadian,12.99,1750mL,1750.0,1,10.23,8352,LUXCO INC
2134,Canadian Ltd,2.49,375mL,375.0,1,1.93,660,SAZERAC NORTH AMERICA INC.
2136,Elijah Craig 12 Yr Bourbon,27.99,750mL,750.0,1,21.53,3924,HEAVEN HILL DISTILLERIES
2142,Bird Dog Apple Whiskey,13.99,750mL,750.0,1,10.38,9625,WESTERN SPIRITS BEVERAGE CO
2143,Canadian Mist,12.99,1750mL,1750.0,1,10.07,1128,BROWN-FORMAN CORP
2145,WolfHound Irish Whiskey,16.99,750mL,750.0,1,12.68,7153,PINE STATE TRADING CO
2148,Canadian Mist Traveler,7.99,750mL,750.0,1,5.96,1128,BROWN-FORMAN CORP
2149,Canadian Ltd Traveler,6.99,750mL,750.0,1,5.34,660,SAZERAC NORTH AMERICA INC.
2152,New Amsterdam Gin,9.99,750mL,750.0,1,7.19,3252,E & J GALLO WINERY
2155,McClelland Islay Single Malt,37.99,1750mL,1750.0,1,24.05,12546,JIM BEAM BRANDS COMPANY
2156,(RI) 1,36.99,750mL,750.0,1,26.92,12546,JIM BEAM BRANDS COMPANY
2158,Sortilege Liqueur,16.99,375mL,375.0,1,12.4,3089,SIDNEY FRANK IMPORTING CO
2159,Connemara Irish Whiskey,39.99,750mL,750.0,1,30.53,12546,JIM BEAM BRANDS COMPANY
2161,Canadian Club Classic,19.99,750mL,750.0,1,15.26,12546,JIM BEAM BRANDS COMPANY
2162,Djinn Spirits Gin,33.99,750mL,750.0,1,21.58,2450,DJINN SPIRITS LLC
2163,Sloane's Gin,24.99,750mL,750.0,1,14.38,90037,THE PIERPONT GROUP LLC
2164,New Amsterdam Gin,16.99,1750mL,1750.0,1,12.14,3252,E & J GALLO WINERY
2170,Woodford Reserve Bourbon,3.49,50mL,50.0,1,2.53,1128,BROWN-FORMAN CORP
2171,Pike Creek Canadian Whisky,24.99,750mL,750.0,1,14.49,17035,PERNOD RICARD USA
2181,Bird Dog Apple Whiskey,0.99,50mL,50.0,1,0.73,9625,WESTERN SPIRITS BEVERAGE CO
2182,McClelland Islay Single Mal,18.99,750mL,750.0,1,14.17,12546,JIM BEAM BRANDS COMPANY
2183,McClelland Highland Single,18.99,750mL,750.0,1,14.61,12546,JIM BEAM BRANDS COMPANY
2184,Bonnie Rose Orange Peel,19.99,750mL,750.0,1,11.36,480,BACARDI USA INC
2186,Label 5 Scotch 12 Yr,26.99,750mL,750.0,1,19.56,7153,PINE STATE TRADING CO
2189,Cleveland Black Rsv Whiskey,26.99,750mL,750.0,1,19.83,9165,ULTRA BEVERAGE COMPANY LLP
2193,Donegal Irish Whiskey,24.99,750mL,750.0,1,16.41,8663,STAR INDUSTRIES INC.
2199,St George Terrior Gin,29.99,750mL,750.0,1,23.61,9165,ULTRA BEVERAGE COMPANY LLP
2200,Bonnie Rose Spiced Apple,19.99,750mL,750.0,1,10.78,480,BACARDI USA INC
2202,Karner Blue Gin,29.99,750mL,750.0,1,23.07,17031,FLAG HILL WINERY & VINEYARD
2212,Canadian Rich & Rare,13.99,1750mL,1750.0,1,8.72,8004,SAZERAC CO INC
2214,James E Pepper Bourbon,29.99,750mL,750.0,1,21.58,9552,M S WALKER INC
2226,Jim Beam Devils Cut,36.99,1750mL,1750.0,1,27.6,12546,JIM BEAM BRANDS COMPANY
2232,Sipsmith Gin,39.99,750mL,750.0,1,31.0,4425,MARTIGNETTI COMPANIES
2235,Deanston SM Virgin Oak,29.99,750mL,750.0,1,19.56,9165,ULTRA BEVERAGE COMPANY LLP
2237,Edradour 10 Yr Single Malt,49.99,750mL,750.0,1,35.71,9552,M S WALKER INC
2238,Aviation American Gin,26.99,750mL,750.0,1,18.93,9260,TY KU LLC
2239,Rebel Yell American Whisky,21.99,750mL,750.0,1,15.78,8352,LUXCO INC
2241,Death's Door Gin,25.99,750mL,750.0,1,20.46,98450,Serralles Usa LLC
2242,Cles des Ducs Armagnac VSOP,30.99,750mL,750.0,1,16.05,9165,ULTRA BEVERAGE COMPANY LLP
2245,DUKE Kentucky Bourbon,36.99,750mL,750.0,1,26.66,4425,MARTIGNETTI COMPANIES
2246,Speyburn Brandan Orach,18.99,750mL,750.0,1,13.96,8004,SAZERAC CO INC
2250,Jack Daniels Family 4 Pk/50m,12.99,50mL 4 Pk,50.0,1,9.69,1128,BROWN-FORMAN CORP
2254,Canadian Club Triple Aged,14.99,750mL,750.0,1,10.31,12546,JIM BEAM BRANDS COMPANY
2258,Dewars Special Reserve 12 Yr,16.99,375mL,375.0,1,9.77,480,BACARDI USA INC
2262,Black Button Citrus Gin,35.99,750mL,750.0,1,21.2,4425,MARTIGNETTI COMPANIES
2270,Laphroaig Triple Wood,79.99,750mL,750.0,1,54.34,12546,JIM BEAM BRANDS COMPANY
2280,The Botanist Islay Dry Gin,36.99,750mL,750.0,1,27.4,7239,REMY COINTREAU USA INC
2287,Johnnie Walker Double Black,38.99,750mL,750.0,1,29.22,3960,DIAGEO NORTH AMERICA INC
2290,Jim Beam Devils Cut Bourbon,23.99,750mL,750.0,1,18.04,12546,JIM BEAM BRANDS COMPANY
2292,Glenrothes Single Malt Scot,43.99,750mL,750.0,1,29.99,9165,ULTRA BEVERAGE COMPANY LLP
2302,St George Botanivore Gin,29.99,750mL,750.0,1,23.43,9165,ULTRA BEVERAGE COMPANY LLP
2310,Ungava Gin,28.99,750mL,750.0,1,23.19,9165,ULTRA BEVERAGE COMPANY LLP
2329,Craigellachie 13 Yr Scotch,54.99,750mL,750.0,1,38.45,480,BACARDI USA INC
2339,Alberta Rye Dark Batch,25.99,750mL,750.0,1,15.82,12546,JIM BEAM BRANDS COMPANY
2366,Templeton Rye Whiskey,34.99,750mL,750.0,1,25.36,9165,ULTRA BEVERAGE COMPANY LLP
2368,Balvenie 17 Yr Doublewood,139.99,750mL,750.0,1,108.52,3664,WILLIAM GRANT & SONS INC
2369,Amrut Fusion Single Malt,64.99,750mL,750.0,1,50.38,9165,ULTRA BEVERAGE COMPANY LLP
2373,Jim Beam Maple,16.99,750mL,750.0,1,10.29,12546,JIM BEAM BRANDS COMPANY
2374,Tullamore Dew,39.99,1750mL,1750.0,1,31.24,3664,WILLIAM GRANT & SONS INC
2382,Ophir London Dry Gin,29.99,750mL,750.0,1,19.22,7153,PINE STATE TRADING CO
2398,Tullamore Dew,20.99,750mL,750.0,1,16.4,3664,WILLIAM GRANT & SONS INC
2401,Sea Hagg Poitin White Whisky,8.99,200mL,200.0,1,6.86,8150,SEA HAGG DISTILLERY LLC
2412,JP Wiser's Rye,21.99,750mL,750.0,1,15.38,17035,PERNOD RICARD USA
2418,Crown Royal Regal Apple,22.99,750mL,750.0,1,16.53,3960,DIAGEO NORTH AMERICA INC
2426,The Glenlivet 15Yr FrenchOak,51.99,750mL,750.0,1,41.59,17035,PERNOD RICARD USA
2427,13th Colony Sthrn Corn Whsky,29.99,750mL,750.0,1,15.93,9165,ULTRA BEVERAGE COMPANY LLP
2432,Crown Royal,22.99,750mL,750.0,1,17.59,3960,DIAGEO NORTH AMERICA INC
2433,Crown Royal X R Extra Rare,131.99,750mL,750.0,1,91.9,3960,DIAGEO NORTH AMERICA INC
2435,Crown Royal RSV,40.99,750mL,750.0,1,29.76,3960,DIAGEO NORTH AMERICA INC
2436,Crown Royal,14.99,375mL,375.0,1,11.99,3960,DIAGEO NORTH AMERICA INC
2438,Crown Royal Special Reserve,69.99,1750mL,1750.0,1,54.26,3960,DIAGEO NORTH AMERICA INC
2443,Seagrams VO,16.99,1750mL,1750.0,1,13.48,3960,DIAGEO NORTH AMERICA INC
2445,Seagrams VO,11.99,750mL,750.0,1,9.08,3960,DIAGEO NORTH AMERICA INC
2448,Seagrams VO Gold,15.99,750mL,750.0,1,11.42,3960,DIAGEO NORTH AMERICA INC
2453,Crown Royal Trio,5.99,50mL 3 Pk,50.0,1,4.31,3960,DIAGEO NORTH AMERICA INC
2465,Crown Royal Mini,2.99,50mL,50.0,1,2.15,3960,DIAGEO NORTH AMERICA INC
2466,Crown Royal Maple Whisky,46.99,1750mL,1750.0,1,29.62,3960,DIAGEO NORTH AMERICA INC
2468,Crown Royal Nrth Harvest Rye,29.99,750mL,750.0,1,22.39,3960,DIAGEO NORTH AMERICA INC
2474,The Glenrothes Triple Pack,38.99,300mL,300.0,1,29.1,9165,ULTRA BEVERAGE COMPANY LLP
2476,Crown Royal Maple Whisky,22.99,750mL,750.0,1,16.79,3960,DIAGEO NORTH AMERICA INC
2494,Crown Royal Regal Apple,39.99,1750mL,1750.0,1,31.0,3960,DIAGEO NORTH AMERICA INC
2496,Crown Royal Black,49.99,1750mL,1750.0,1,36.22,3960,DIAGEO NORTH AMERICA INC
2499,Crown Royal Black,29.99,750mL,750.0,1,21.53,3960,DIAGEO NORTH AMERICA INC
2508,Crown Royal No Harvest Rye,1.99,50mL,50.0,1,1.59,3960,DIAGEO NORTH AMERICA INC
2512,The Macallan 12 Yr Old,34.99,375mL,375.0,1,25.36,2561,EDRINGTON AMERICAS
2514,Bird Dog Peach Whiskey,14.99,750mL,750.0,1,11.41,9625,WESTERN SPIRITS BEVERAGE CO
2517,Balvenie 14 Yr Caribean Cask,68.99,750mL,750.0,1,46.42,3664,WILLIAM GRANT & SONS INC
2518,Woodford Reserve Double Oak,49.99,750mL,750.0,1,36.49,1128,BROWN-FORMAN CORP
2520,The Macallan 12 Yr Old,62.99,750mL,750.0,1,42.21,2561,EDRINGTON AMERICAS
2522,The Macallan 10 Yr Fine Oak,47.99,750mL,750.0,1,36.92,2561,EDRINGTON AMERICAS
2531,WhistlePig 10 Yr Old Rye,63.99,750mL,750.0,1,46.37,10754,PERFECTA WINES
2532,The Macallan 12 Yr Old,134.99,1750mL,1750.0,1,96.89,2561,EDRINGTON AMERICAS
2534,The Dalmore 12Yr Single Malt,44.99,750mL,750.0,1,35.99,3252,E & J GALLO WINERY
2539,John Barr Red Scotch Whisky,19.99,1750mL,1750.0,1,12.3,9710,WHYTE & MACKAY
2543,Darnley's View Gin,23.99,750mL,750.0,1,18.89,6785,PALM BAY INTERNATIONAL INC
2549,WhistlePig 10Yr Rye,44.99,375mL,375.0,1,29.49,10754,PERFECTA WINES
2563,Greenore Irish Whiskey,49.99,750mL,750.0,1,34.61,12546,JIM BEAM BRANDS COMPANY
2570,Johnnie Walker Gold Rsv,79.99,750mL,750.0,1,57.14,3960,DIAGEO NORTH AMERICA INC
2582,Firefly Blackberry Moonshine,19.99,750mL,750.0,1,11.8,8004,SAZERAC CO INC
2585,Jameson Irish Whiskey,22.99,750mL,750.0,1,16.42,17035,PERNOD RICARD USA
2586,Jameson Irish Whiskey,2.99,50mL,50.0,1,2.21,17035,PERNOD RICARD USA
2587,Jameson Irish Whiskey,18.99,375mL,375.0,1,12.67,17035,PERNOD RICARD USA
2589,Jameson Irish Whiskey,39.99,1750mL,1750.0,1,30.76,17035,PERNOD RICARD USA
2590,The Black Grouse Scotch,46.99,1750mL,1750.0,1,28.98,2561,EDRINGTON AMERICAS
2591,Cardhu Scotch,43.99,750mL,750.0,1,29.4,3960,DIAGEO NORTH AMERICA INC
2595,Clontarf Irish Whiskey,17.99,750mL,750.0,1,12.3,1485,CASTLE BRANDS CORP.
2597,Beefeater 24,21.99,750mL,750.0,1,14.38,17035,PERNOD RICARD USA
2598,Firefly Apple Pie Moonshine,16.99,750mL,750.0,1,11.44,8004,SAZERAC CO INC
2602,Caol Ila 12 Yr Islay Single,59.99,750mL,750.0,1,43.84,3960,DIAGEO NORTH AMERICA INC
2604,Johnnie Walker Collection 4,99.99,200mL 4 Pk,200.0,1,73.52,3960,DIAGEO NORTH AMERICA INC
2606,Glenmorangie Original 18Yr,115.99,750mL,750.0,1,79.36,8112,MOET HENNESSY USA INC
2607,Grand MacNish 12 Yr Old,21.99,750mL,750.0,1,17.18,9552,M S WALKER INC
2609,Pigs Nose Scotch,25.99,750mL,750.0,1,18.11,9744,FREDERICK WILDMAN & SONS
2611,Dewar's 15 Yr Old Rsv,54.99,750mL,750.0,1,39.99,480,BACARDI USA INC
2614,Dewars Special RSV 12-Year,59.99,1750mL,1750.0,1,41.21,480,BACARDI USA INC
2615,Chivas Regal,3.49,50mL,50.0,1,2.57,17035,PERNOD RICARD USA
2619,Glenmorangie Original 10 Yr,64.99,1750mL,1750.0,1,51.58,8112,MOET HENNESSY USA INC
2622,Dewars Scratch Cask Scotch,26.99,750mL,750.0,1,18.65,480,BACARDI USA INC
2623,Ballantines,28.99,1750mL,1750.0,1,18.24,17035,PERNOD RICARD USA
2624,Dewars 18 Yr Old Founders Rv,64.99,750mL,750.0,1,46.76,480,BACARDI USA INC
2625,Nikka Coffey Grain Whisky,59.99,750mL,750.0,1,43.16,9165,ULTRA BEVERAGE COMPANY LLP
2626,Crown Royal Apple,1.99,50mL,50.0,1,1.42,3960,DIAGEO NORTH AMERICA INC
2628,Dewars Special RSV 12-Yr,31.99,750mL,750.0,1,23.43,480,BACARDI USA INC
2630,Old Pulteney Single Malt Sc,37.99,750mL,750.0,1,29.91,8004,SAZERAC CO INC
2631,Scapa 16 Yr Old Single Malt,73.99,750mL,750.0,1,55.99,17035,PERNOD RICARD USA
2636,Nikka Whisky Taketsuru 12 Yr,68.99,750mL,750.0,1,48.83,9165,ULTRA BEVERAGE COMPANY LLP
2637,The Feathery Blended Scotch,56.99,750mL,750.0,1,39.12,9744,FREDERICK WILDMAN & SONS
2639,Bowmore Darkest Islay 15 Yr,70.99,750mL,750.0,1,52.37,12546,JIM BEAM BRANDS COMPANY
2640,Michter's Small Batch Bourbn,44.99,750mL,750.0,1,30.07,4425,MARTIGNETTI COMPANIES
2643,Dewars Signature,184.99,750mL,750.0,1,136.02,480,BACARDI USA INC
2644,Chivas Regal 18-Yr Scotch,79.99,750mL,750.0,1,58.13,17035,PERNOD RICARD USA
2645,Chivas Regal,31.99,750mL,750.0,1,21.89,17035,PERNOD RICARD USA
2646,Chivas Regal,58.99,1750mL,1750.0,1,43.3,17035,PERNOD RICARD USA
2648,Chivas Regal,16.49,375mL,375.0,1,12.21,17035,PERNOD RICARD USA
2650,Tanqueray Old Tom Gin,24.99,1000mL,1000.0,1,19.68,3960,DIAGEO NORTH AMERICA INC
2656,Cutty Sark,24.99,1750mL,1750.0,1,19.52,2561,EDRINGTON AMERICAS
2658,Cutty Sark,15.99,750mL,750.0,1,12.49,2561,EDRINGTON AMERICAS
2661,Laphroaig Cask Strength 10Yr,65.99,750mL,750.0,1,47.99,12546,JIM BEAM BRANDS COMPANY
2663,Dewars White Label,29.99,1750mL,1750.0,1,21.42,480,BACARDI USA INC
2664,Firefly Moonshine,16.99,750mL,750.0,1,10.5,8004,SAZERAC CO INC
2665,Dewars White Label,19.99,750mL,750.0,1,15.38,480,BACARDI USA INC
2668,Dewars White Label,13.99,375mL,375.0,1,10.68,480,BACARDI USA INC
2672,Dewars White Label,2.29,50mL,50.0,1,1.8,480,BACARDI USA INC
2675,Crown Royal XO,44.99,750mL,750.0,1,34.88,3960,DIAGEO NORTH AMERICA INC
2676,Grand MacNish,15.99,1750mL,1750.0,1,10.93,9552,M S WALKER INC
2678,Michter's Straight Rye,44.99,750mL,750.0,1,31.99,4425,MARTIGNETTI COMPANIES
2679,Dewars Highlander Honey,22.99,750mL,750.0,1,14.28,480,BACARDI USA INC
2682,The Glendronach 12 Yr Scotch,52.99,750mL,750.0,1,42.39,9165,ULTRA BEVERAGE COMPANY LLP
2685,Ardmore Scotch,36.99,750mL,750.0,1,27.12,12546,JIM BEAM BRANDS COMPANY
2686,AnCnoc 12 Yr Old Scotch,37.99,750mL,750.0,1,26.8,8004,SAZERAC CO INC
2689,Black Velvet Reserve,18.99,1750mL,1750.0,1,14.72,1392,CONSTELLATION BRANDS INC
2690,Black Velvet Reserve,11.99,750mL,750.0,1,7.35,1392,CONSTELLATION BRANDS INC
2692,Glenmorangie 10 Yr Scotch,41.99,750mL,750.0,1,26.31,8112,MOET HENNESSY USA INC
2694,Glenmorangie LaSanta,52.99,750mL,750.0,1,37.31,8112,MOET HENNESSY USA INC
2696,McClelland Highland Sgl Malt,37.99,1750mL,1750.0,1,25.19,12546,JIM BEAM BRANDS COMPANY
2713,Inver House Green Plaid 3-Y,14.99,1750mL,1750.0,1,10.93,660,SAZERAC NORTH AMERICA INC.
2714,Glenfiddich The Original,99.99,750mL,750.0,1,76.33,3664,WILLIAM GRANT & SONS INC
2717,Big Peat Scotch,58.99,750mL,750.0,1,43.38,4425,MARTIGNETTI COMPANIES
2721,Johnnie Walker Green Label,59.99,750mL,750.0,1,47.61,3960,DIAGEO NORTH AMERICA INC
2722,J & B Rare,21.99,750mL,750.0,1,17.59,3960,DIAGEO NORTH AMERICA INC
2723,J & B Rare,29.99,1750mL,1750.0,1,21.42,3960,DIAGEO NORTH AMERICA INC
2727,Grand Macnish Black Edition,29.99,750mL,750.0,1,19.37,9552,M S WALKER INC
2737,Teeling Irish Whiskey,34.99,750mL,750.0,1,27.77,9165,ULTRA BEVERAGE COMPANY LLP
2739,Bruichladdich Rocks Sngl Mlt,49.99,750mL,750.0,1,35.96,7239,REMY COINTREAU USA INC
2740,GlenDronach 15 Yr Scotch,89.99,750mL,750.0,1,65.41,9165,ULTRA BEVERAGE COMPANY LLP
2742,Aberfeldy 12 Yr Single Malt,53.99,750mL,750.0,1,37.98,480,BACARDI USA INC
2748,Johnnie Walker Blue Label,319.99,1750mL,1750.0,1,240.59,3960,DIAGEO NORTH AMERICA INC
2749,John Begg Blue Cap,16.99,1750mL,1750.0,1,13.38,3960,DIAGEO NORTH AMERICA INC
2751,Johnnie Walker Black Label,19.99,375mL,375.0,1,15.99,3960,DIAGEO NORTH AMERICA INC
2752,Johnnie Walker Black Label,38.99,750mL,750.0,1,26.31,3960,DIAGEO NORTH AMERICA INC
2753,Johnnie Walker Black Label,59.99,1750mL,1750.0,1,44.77,3960,DIAGEO NORTH AMERICA INC
2755,Johnnie Walker Red Label,24.99,750mL,750.0,1,19.68,3960,DIAGEO NORTH AMERICA INC
2756,Jameson Caskmates,29.99,750mL,750.0,1,22.89,17035,PERNOD RICARD USA
2757,Johnnie Walker Red Label,29.99,1750mL,1750.0,1,22.38,3960,DIAGEO NORTH AMERICA INC
2759,Johnnie Walker Red Label,13.99,375mL,375.0,1,10.14,3960,DIAGEO NORTH AMERICA INC
2760,Jack Daniels Tennessee Honey,38.99,1750mL,1750.0,1,28.02,1128,BROWN-FORMAN CORP
2765,Laphroaig 18 Yr Single Malt,79.99,750mL,750.0,1,60.14,12546,JIM BEAM BRANDS COMPANY
2767,Johnnie Walker Blue Label,189.99,750mL,750.0,1,139.7,3960,DIAGEO NORTH AMERICA INC
2769,Laphroaig Quarter Cask,55.99,750mL,750.0,1,38.4,12546,JIM BEAM BRANDS COMPANY
2770,Hudson Single Malt Whiskey,39.99,375mL,375.0,1,31.0,3664,WILLIAM GRANT & SONS INC
2772,Talisker Storm Scotch,62.99,750mL,750.0,1,46.15,3960,DIAGEO NORTH AMERICA INC
2776,Brenne French Sng Mlt Whisky,41.99,750mL,750.0,1,32.3,4425,MARTIGNETTI COMPANIES
2780,Bulleit 10 Yr Old Bourbon,40.99,750mL,750.0,1,28.46,3960,DIAGEO NORTH AMERICA INC
2783,Lauders Scotch,14.99,1750mL,1750.0,1,10.06,660,SAZERAC NORTH AMERICA INC.
2788,Laphroaig 10 Yr Single Malt,44.99,750mL,750.0,1,31.24,12546,JIM BEAM BRANDS COMPANY
2793,Camus Elegance VS Cognac,21.99,750mL,750.0,1,17.18,6213,MHW LTD
2794,Bird Dog Bourbon,14.99,750mL,750.0,1,10.5,9625,WESTERN SPIRITS BEVERAGE CO
2795,George Dickel Rye,25.99,750mL,750.0,1,18.74,3960,DIAGEO NORTH AMERICA INC
2801,Tullamore Dew 10 Yr Old,39.99,750mL,750.0,1,27.68,3664,WILLIAM GRANT & SONS INC
2802,SW4 London Dry Gin,29.99,750mL,750.0,1,18.93,7153,PINE STATE TRADING CO
2803,Bluecoat Gin,25.99,750mL,750.0,1,20.46,9552,M S WALKER INC
2812,Hudson Manhattan Rye,39.99,375mL,375.0,1,30.3,3664,WILLIAM GRANT & SONS INC
2814,Hudson Bay Bourbon,39.99,375mL,375.0,1,31.0,3664,WILLIAM GRANT & SONS INC
2815,Benromach 10Yr Single Malt,55.99,750mL,750.0,1,40.57,4425,MARTIGNETTI COMPANIES
2816,Auchentoshan 12 Yr Sngle Mlt,44.99,750mL,750.0,1,34.61,12546,JIM BEAM BRANDS COMPANY
2821,Auchentoshan American Oak,36.99,750mL,750.0,1,28.02,12546,JIM BEAM BRANDS COMPANY
2822,James E Pepper 1776 Rye,32.99,750mL,750.0,1,23.25,9552,M S WALKER INC
2826,Bowmore Small Batch Sngl Mlt,36.99,750mL,750.0,1,29.59,12546,JIM BEAM BRANDS COMPANY
2834,Old Smuggler P E T,15.99,1750mL,1750.0,1,12.3,8320,SHAW ROSS INT L IMP LTD
2838,Calumet Bourbon,45.99,750mL,750.0,1,35.43,9625,WESTERN SPIRITS BEVERAGE CO
2839,Ardmore Legacy Single Malt,39.99,750mL,750.0,1,27.0,12546,JIM BEAM BRANDS COMPANY
2840,Revel Stoke Roasted Pecan,10.99,750mL,750.0,1,7.36,9206,PHILLIPS PRODUCTS CO.
2851,Mother's Apple Pie Liqueur,5.99,750mL,750.0,1,4.5,7153,PINE STATE TRADING CO
2852,Bushmills 10 Yr Irish Whisky,40.99,750mL,750.0,1,30.14,7245,PROXIMO SPIRITS INC.
2854,Talisker 10-Yr Single Malt,49.99,750mL,750.0,1,38.45,3960,DIAGEO NORTH AMERICA INC
2856,Cragganmore 12-Yr Sngle Malt,58.99,750mL,750.0,1,42.1,3960,DIAGEO NORTH AMERICA INC
2859,Bushmills Irish Honey,17.99,750mL,750.0,1,12.94,7245,PROXIMO SPIRITS INC.
2862,Pinch 15-Yr by Haig & Haig,35.99,750mL,750.0,1,27.68,3960,DIAGEO NORTH AMERICA INC
2868,Mortlach Single Malt Scotch,94.99,750mL,750.0,1,70.86,3960,DIAGEO NORTH AMERICA INC
2874,Hirsch 20 Yr American Whisky,69.99,750mL,750.0,1,51.46,9165,ULTRA BEVERAGE COMPANY LLP
2878,Hudson Four Grain Bourbon,39.99,375mL,375.0,1,29.84,3664,WILLIAM GRANT & SONS INC
2879,Corner Creek Rsv Bourbon,31.99,750mL,750.0,1,22.21,4425,MARTIGNETTI COMPANIES
2882,Highland Park 18 Yr Single,139.99,750mL,750.0,1,89.92,2561,EDRINGTON AMERICAS
2889,Buchanans Deluxe 12Yr Scotch,31.99,750mL,750.0,1,23.07,3960,DIAGEO NORTH AMERICA INC
2890,Four Roses Bourbon,26.99,750mL,750.0,1,21.25,9552,M S WALKER INC
2893,Glenmorangie Quinta Ruban,54.99,750mL,750.0,1,39.67,8112,MOET HENNESSY USA INC
2894,Scoresby Rare,17.99,1750mL,1750.0,1,12.94,3960,DIAGEO NORTH AMERICA INC
2897,Haig Club Scotch,59.99,750mL,750.0,1,47.24,3960,DIAGEO NORTH AMERICA INC
2898,Scoresby Rare,7.99,750mL,750.0,1,6.01,3960,DIAGEO NORTH AMERICA INC
2902,Stranahan's Colorado Whiskey,49.99,750mL,750.0,1,37.0,7245,PROXIMO SPIRITS INC.
2909,Lot No 40 Canadian Rye,59.99,750mL,750.0,1,37.03,17035,PERNOD RICARD USA
2912,Platte Valley KY Moonshine,16.99,750mL,750.0,1,12.87,5992,MCCORMICK DISTILLING CO
2917,Paddy's Irish Whiskey,19.99,750mL,750.0,1,15.62,17035,PERNOD RICARD USA
2920,Old Potrero 18th Century,69.99,750mL,750.0,1,46.15,9165,ULTRA BEVERAGE COMPANY LLP
2924,Speyburn 10-Yr Single Malt,21.99,750mL,750.0,1,17.18,8004,SAZERAC CO INC
2926,Teachers Highland Cream,27.99,1750mL,1750.0,1,21.87,12546,JIM BEAM BRANDS COMPANY
2932,Jameson Black Barrel,31.99,750mL,750.0,1,24.61,17035,PERNOD RICARD USA
2939,Berentzen Bushel & Barrel,14.99,750mL,750.0,1,11.53,4425,MARTIGNETTI COMPANIES
2942,Glen Grant 10 Yr Single Malt,39.99,750mL,750.0,1,27.12,11567,CAMPARI AMERICA
2944,The Glenlivet Founders Res,44.99,750mL,750.0,1,32.14,17035,PERNOD RICARD USA
2945,The Macallan Rare Cask,299.99,750mL,750.0,1,213.17,2561,EDRINGTON AMERICAS
2946,Highland Park 15 Yr Old,89.99,750mL,750.0,1,62.01,2561,EDRINGTON AMERICAS
2949,Lock Stock & Barrel Rye,94.99,750mL,750.0,1,70.36,9165,ULTRA BEVERAGE COMPANY LLP
2951,Old Bushmills Irish Whiskey,39.99,1750mL,1750.0,1,28.78,7245,PROXIMO SPIRITS INC.
2952,Old Bushmills,18.99,750mL,750.0,1,14.61,7245,PROXIMO SPIRITS INC.
2954,Highland Park 12 Yr Single,49.99,750mL,750.0,1,35.87,2561,EDRINGTON AMERICAS
2956,Vat 69 Gold,14.99,1750mL,1750.0,1,10.71,3960,DIAGEO NORTH AMERICA INC
2957,Glenfarclas 12-Yr Scotch,35.99,750mL,750.0,1,25.89,8004,SAZERAC CO INC
2958,Dalwhinnie 15-Yr Single Mal,54.99,750mL,750.0,1,40.73,3960,DIAGEO NORTH AMERICA INC
2960,The Macallan Fine Oak 15 Yr,104.99,750mL,750.0,1,69.34,2561,EDRINGTON AMERICAS
2963,Bruichladdich The Laddie Ten,59.99,750mL,750.0,1,44.44,7239,REMY COINTREAU USA INC
2965,Ardbeg 10 Yr Single Malt Sc,46.99,750mL,750.0,1,34.64,8112,MOET HENNESSY USA INC
2967,Glenfiddich Solera 15-Yr RS,59.99,750mL,750.0,1,40.73,3664,WILLIAM GRANT & SONS INC
2973,Eagle Rare Single Barrel Bo,29.99,750mL,750.0,1,19.85,8004,SAZERAC CO INC
2975,Bird Dog Blackberry Whiskey,14.99,750mL,750.0,1,11.32,9625,WESTERN SPIRITS BEVERAGE CO
2976,Islay Mist 8 Yr Old Scotch,17.99,750mL,750.0,1,11.59,2496,DUGGANS DISTILLED PRODUCTS
2979,Bowmore 12-Yr Scotch,49.99,750mL,750.0,1,35.43,12546,JIM BEAM BRANDS COMPANY
2982,Highland Park Dark Origins,69.99,750mL,750.0,1,52.23,2561,EDRINGTON AMERICAS
2985,Gibsons 12YO Gold Canadian W,25.99,750mL,750.0,1,15.1,3664,WILLIAM GRANT & SONS INC
2988,Sauza 901 Silver Tequila,24.99,750mL,750.0,1,18.51,12546,JIM BEAM BRANDS COMPANY
2989,The Macallan 18 Yr Old,259.99,750mL,750.0,1,192.59,2561,EDRINGTON AMERICAS
2990,Bulldog Gin,19.99,750mL,750.0,1,15.99,11567,CAMPARI AMERICA
2991,Tullibardine Single Malt,49.99,750mL,750.0,1,36.49,2000,SOUTHERN WINE & SPIRITS NE
2993,Angostura Bitters,7.49,Unknown,,1,5.39,5895,"Mizkan Americas, Inc."
3012,Pinnacle Vodka,0.99,50mL,50.0,1,0.74,12546,JIM BEAM BRANDS COMPANY
3016,Bombay Sapphire East Gin,19.99,750mL,750.0,1,14.59,480,BACARDI USA INC
3020,Pinnacle Blueberry Vodka,10.99,750mL,750.0,1,7.99,12546,JIM BEAM BRANDS COMPANY
3025,Ciroc Snap Frost Vodka,11.99,375mL,375.0,1,9.29,3960,DIAGEO NORTH AMERICA INC
3033,Ciroc Coconut Vodka,11.99,375mL,375.0,1,8.95,3960,DIAGEO NORTH AMERICA INC
3038,Zhenka Raspberry Vodka,9.99,1750mL,1750.0,1,7.13,9552,M S WALKER INC
3039,Stoli Salted Karamel,16.99,750mL,750.0,1,13.38,8664,"STOLI GROUP,(USA) LLC"
3041,Zhenka Pink Lemonade Vodka,9.99,1750mL,1750.0,1,5.83,9552,M S WALKER INC
3042,Ciroc Red Berry Vodka,11.99,375mL,375.0,1,8.63,3960,DIAGEO NORTH AMERICA INC
3045,Pinnacle Salted Caramel,12.99,750mL,750.0,1,7.8,12546,JIM BEAM BRANDS COMPANY
3046,Ciroc Peach Vodka,47.99,1750mL,1750.0,1,35.81,3960,DIAGEO NORTH AMERICA INC
3050,Bowman Vodka,8.99,1750mL,1750.0,1,6.51,8004,SAZERAC CO INC
3054,Smirnoff Kissed Caramel,12.99,750mL,750.0,1,8.14,3960,DIAGEO NORTH AMERICA INC
3058,Three Olives Vodka,0.99,50mL,50.0,1,0.71,7245,PROXIMO SPIRITS INC.
3061,Absolut Grapevine Vodka,16.99,750mL,750.0,1,11.32,17035,PERNOD RICARD USA
3062,Russian Standard Platinum,21.99,750mL,750.0,1,15.62,10050,Russian Standard Vodka
3070,Peligroso Reposado Tequila,29.99,750mL,750.0,1,16.53,3960,DIAGEO NORTH AMERICA INC
3072,Ciroc Peach Vodka,24.99,750mL,750.0,1,18.24,3960,DIAGEO NORTH AMERICA INC
3079,Devils Spring Vodka,15.99,750mL,750.0,1,10.21,2396,BLACK PRINCE DISTILLERY INC
3081,Smirnoff Iced Cake,12.99,750mL,750.0,1,7.14,3960,DIAGEO NORTH AMERICA INC
3084,Patron Silver Tequila,14.99,200mL,200.0,1,11.27,9165,ULTRA BEVERAGE COMPANY LLP
3086,Ciroc Coconut Vodka,47.99,1750mL,1750.0,1,35.03,3960,DIAGEO NORTH AMERICA INC
3089,Evan Williams Honey Reserve,9.99,750mL,750.0,1,7.63,3924,HEAVEN HILL DISTILLERIES
3092,Stolichnaya 100* Vodka,16.99,750mL,750.0,1,13.38,8664,"STOLI GROUP,(USA) LLC"
3100,Ciroc Red Berry Vodka,47.99,1750mL,1750.0,1,34.28,3960,DIAGEO NORTH AMERICA INC
3102,Smirnoff Traveler,17.99,1750mL,1750.0,1,12.94,3960,DIAGEO NORTH AMERICA INC
3104,Smirnoff Whipped Cream,12.99,750mL,750.0,1,8.72,3960,DIAGEO NORTH AMERICA INC
3107,Don Julio 70th Anniversary,65.99,750mL,750.0,1,47.47,3960,DIAGEO NORTH AMERICA INC
3120,Absolut Cilantro,17.99,750mL,750.0,1,10.94,17035,PERNOD RICARD USA
3121,Pinnacle Rainbow Sherbet,9.99,750mL,750.0,1,6.93,12546,JIM BEAM BRANDS COMPANY
3123,Booths London Dry Gin,14.99,1750mL,1750.0,1,10.94,3960,DIAGEO NORTH AMERICA INC
3125,Pinnacle Strawbery Shortcake,9.99,750mL,750.0,1,7.03,12546,JIM BEAM BRANDS COMPANY
3133,Svedka Strwbry Lemonad Vodka,10.99,750mL,750.0,1,8.79,1392,CONSTELLATION BRANDS INC
3138,Svedka 100 Vodka,13.99,750mL,750.0,1,9.29,1392,CONSTELLATION BRANDS INC
3139,Grey Goose Le Melon,23.99,750mL,750.0,1,17.64,480,BACARDI USA INC
3147,Stolichnaya Chocolat Kokonut,0.99,50mL,50.0,1,0.71,8664,"STOLI GROUP,(USA) LLC"
3150,Svedka Mango Pineapple Vodka,10.99,750mL,750.0,1,8.65,1392,CONSTELLATION BRANDS INC
3152,Three Olives Jacked Apple,10.99,750mL,750.0,1,7.91,7245,PROXIMO SPIRITS INC.
3153,Rye Harbor Vodka,17.99,750mL,750.0,1,13.23,653,STATE WINE & SPIRITS
3154,New Amsterdam Peach Vodka,9.99,750mL,750.0,1,7.8,3252,E & J GALLO WINERY
3158,Pinnacle Tropical Punch,16.99,1750mL,1750.0,1,12.77,12546,JIM BEAM BRANDS COMPANY
3159,Sobieski Vodka,9.99,750mL,750.0,1,5.59,9552,M S WALKER INC
3161,New Amsterdam Red Berry,9.99,750mL,750.0,1,6.66,3252,E & J GALLO WINERY
3163,Three Olives Dude Vodka,12.99,750mL,750.0,1,8.82,7245,PROXIMO SPIRITS INC.
3168,Belvedere UF Intense Vodka,25.99,750mL,750.0,1,18.97,8112,MOET HENNESSY USA INC
3172,Skyy Infusions Blood Orange,12.99,750mL,750.0,1,10.31,11567,CAMPARI AMERICA
3174,Cold River Vodka,29.99,750mL,750.0,1,21.73,4425,MARTIGNETTI COMPANIES
3176,Smugglers Notch Vodka,27.99,750mL,750.0,1,20.89,4425,MARTIGNETTI COMPANIES
3180,New Amsterdam Vodka,16.99,1750mL,1750.0,1,10.94,3252,E & J GALLO WINERY
3183,Jose Cuervo Tradicional Slvr,18.49,750mL,750.0,1,13.7,7245,PROXIMO SPIRITS INC.
3189,Skyy Infusions Dragon Fruit,12.99,750mL,750.0,1,10.15,11567,CAMPARI AMERICA
3193,Absolut Wild Tea,16.99,750mL,750.0,1,11.15,17035,PERNOD RICARD USA
3194,Grey Goose Cherry Noir Vodka,23.99,750mL,750.0,1,18.31,480,BACARDI USA INC
3197,Pinnacle Vodka 100 Proof,20.99,1750mL,1750.0,1,15.32,12546,JIM BEAM BRANDS COMPANY
3201,Plymouth Gin,29.99,750mL,750.0,1,21.96,17035,PERNOD RICARD USA
3204,Twenty 2 Vodka,21.99,750mL,750.0,1,15.71,7153,PINE STATE TRADING CO
3209,Hammer & Sickle Vodka,19.99,750mL,750.0,1,14.07,4550,KLIN SPIRITS LLC
3216,Fleischmanns X Dry Gin,11.99,1750mL,1750.0,1,7.68,660,SAZERAC NORTH AMERICA INC.
3218,Firefly Sweet Tea Vodka,12.99,750mL,750.0,1,10.23,8004,SAZERAC CO INC
3219,Svedka Grapefruit Jalapeno,0.99,50mL,50.0,1,0.74,1392,CONSTELLATION BRANDS INC
3220,Svedka Clementine Vodka,18.99,1750mL,1750.0,1,14.72,1392,CONSTELLATION BRANDS INC
3221,Pinnacle Raspberry Vodka,10.99,750mL,750.0,1,7.93,12546,JIM BEAM BRANDS COMPANY
3227,Taaka Gin,8.99,1750mL,1750.0,1,6.86,8004,SAZERAC CO INC
3230,Svedka Grapefruit Jalapeno,10.99,750mL,750.0,1,7.08,1392,CONSTELLATION BRANDS INC
3231,Pinnacle Tropical Punch Vdka,10.99,750mL,750.0,1,7.74,12546,JIM BEAM BRANDS COMPANY
3233,Belvedere Wild Berry,22.99,750mL,750.0,1,16.66,8112,MOET HENNESSY USA INC
3234,Hendrick's Gin,62.99,1750mL,1750.0,1,45.92,3664,WILLIAM GRANT & SONS INC
3235,Absolut Berri Acai,16.99,750mL,750.0,1,12.4,17035,PERNOD RICARD USA
3237,Firefly Sweet Tea Vodka,25.99,1750mL,1750.0,1,18.17,8004,SAZERAC CO INC
3238,Hendrick's Gin,29.99,750mL,750.0,1,22.83,3664,WILLIAM GRANT & SONS INC
3239,Seagram's Red Berry Vodka,9.99,750mL,750.0,1,7.8,9165,ULTRA BEVERAGE COMPANY LLP
3243,Burnetts Vodka,10.49,1750mL,1750.0,1,8.26,3924,HEAVEN HILL DISTILLERIES
3244,Burnetts Vodka,5.79,750mL,750.0,1,4.32,3924,HEAVEN HILL DISTILLERIES
3246,Bentley's Vodka,8.79,1750mL,1750.0,1,6.71,8004,SAZERAC CO INC
3253,Gilbeys London Dry,12.49,1750mL,1750.0,1,9.08,12546,JIM BEAM BRANDS COMPANY
3257,Gilbeys London Dry Trav,5.99,750mL,750.0,1,4.5,12546,JIM BEAM BRANDS COMPANY
3271,New Amsterdam Vodka,5.99,375mL,375.0,1,4.47,3252,E & J GALLO WINERY
3272,Sobieski Vodka,17.99,1750mL,1750.0,1,13.23,9552,M S WALKER INC
3276,Gordons London Dry,14.99,1750mL,1750.0,1,9.62,3960,DIAGEO NORTH AMERICA INC
3278,Gordons London Dry,7.99,750mL,750.0,1,5.79,3960,DIAGEO NORTH AMERICA INC
3279,Double Cross Vodka,29.99,750mL,750.0,1,22.21,6213,MHW LTD
3285,Svedka Strawberry Colada,9.99,750mL,750.0,1,7.29,1392,CONSTELLATION BRANDS INC
3286,Ciroc Snap Frost Vodka,47.99,1750mL,1750.0,1,36.08,3960,DIAGEO NORTH AMERICA INC
3292,GlenDronach 1995,169.99,750mL,750.0,1,135.99,9165,ULTRA BEVERAGE COMPANY LLP
3294,Leaf Vodka Alaskian Glacial,16.99,750mL,750.0,1,12.31,4425,MARTIGNETTI COMPANIES
3295,Tito's Handmade Vodka,9.99,375mL,375.0,1,7.93,4425,MARTIGNETTI COMPANIES
3296,Belvedere Pink Grapefruit,22.99,750mL,750.0,1,15.99,8112,MOET HENNESSY USA INC
3300,Smirnoff Sorbet Mango/Pasion,0.99,50mL,50.0,1,0.71,3960,DIAGEO NORTH AMERICA INC
3305,Canada House Canadian Whisky,12.49,1750mL,1750.0,1,8.65,8352,LUXCO INC
3310,Pinnacle Vodka,6.99,375mL,375.0,1,4.34,12546,JIM BEAM BRANDS COMPANY
3314,El Jimador Blanco Tequila,26.99,1750mL,1750.0,1,19.28,1128,BROWN-FORMAN CORP
3315,Smirnoff Sorbet Rasp/Pomegra,0.99,50mL,50.0,1,0.74,3960,DIAGEO NORTH AMERICA INC
3316,Ciroc Peach Vodka,11.99,375mL,375.0,1,8.88,3960,DIAGEO NORTH AMERICA INC
3324,Milagro Silver Select Barrel,49.99,750mL,750.0,1,37.31,3664,WILLIAM GRANT & SONS INC
3325,Pinnacle Caramel Apple Vodka,10.99,750mL,750.0,1,7.4,12546,JIM BEAM BRANDS COMPANY
3326,Jenkins Gin,9.49,1750mL,1750.0,1,7.36,9552,M S WALKER INC
3329,Seagrams Extra Smooth Vodka,13.99,1750mL,1750.0,1,10.84,9165,ULTRA BEVERAGE COMPANY LLP
3335,Tanqueray Sterling Vodka,10.99,750mL,750.0,1,8.14,3960,DIAGEO NORTH AMERICA INC
3341,Bombay Sapphire & East 2 Pak,34.99,750mL 2 Pk,750.0,1,25.17,480,BACARDI USA INC
3343,Bombay Sapphire Gin,12.49,375mL,375.0,1,9.46,480,BACARDI USA INC
3344,Bombay Sapphire Gin,19.99,750mL,750.0,1,14.49,480,BACARDI USA INC
3345,Bombay Sapphire Gin,2.29,50mL,50.0,1,1.54,480,BACARDI USA INC
3347,Milagro Silver Tequila,39.99,1750mL,1750.0,1,28.56,3664,WILLIAM GRANT & SONS INC
3348,Bombay Sapphire Gin,29.99,1750mL,1750.0,1,22.38,480,BACARDI USA INC
3350,Ice Fox Vodka,15.99,750mL,750.0,1,12.3,7153,PINE STATE TRADING CO
3351,Pinnacle Whipped Vodka,16.99,1750mL,1750.0,1,13.27,12546,JIM BEAM BRANDS COMPANY
3352,Ciroc Coconut Vodka,24.99,750mL,750.0,1,18.79,3960,DIAGEO NORTH AMERICA INC
3354,Ketel One Vodka,14.99,375mL,375.0,1,10.71,3960,DIAGEO NORTH AMERICA INC
3356,Svedka Vodka,5.99,375mL,375.0,1,4.47,1392,CONSTELLATION BRANDS INC
3357,Smirnoff Sours Green Apple,0.99,50mL,50.0,1,0.77,3960,DIAGEO NORTH AMERICA INC
3363,Lunazul Reposado Tequila,13.99,750mL,750.0,1,9.69,3924,HEAVEN HILL DISTILLERIES
3364,Absolut Ruby Red,24.99,1750mL,1750.0,1,17.85,17035,PERNOD RICARD USA
3366,Tanqueray Rangpur Gin,35.99,1750mL,1750.0,1,24.45,3960,DIAGEO NORTH AMERICA INC
3367,Pinnacle Pomegranate Vodka,10.99,750mL,750.0,1,7.57,12546,JIM BEAM BRANDS COMPANY
3368,Pinnacle Grape Vodka,16.99,1750mL,1750.0,1,12.22,12546,JIM BEAM BRANDS COMPANY
3373,Svedka Citron Vodka,18.99,1750mL,1750.0,1,13.86,1392,CONSTELLATION BRANDS INC
3376,Tommy Guns Vodka,39.99,750mL,750.0,1,31.99,5455,MARSALLE COMPANY
3377,Tanqueray Rangpur Gin,24.99,750mL,750.0,1,18.25,3960,DIAGEO NORTH AMERICA INC
3385,Pinnacle Strawbry Kiwi Vodka,16.99,1750mL,1750.0,1,12.97,12546,JIM BEAM BRANDS COMPANY
3388,Seagrams Extra Dry Gin,8.99,750mL,750.0,1,6.97,17035,PERNOD RICARD USA
3389,Seagrams Extra Dry Gin,15.99,1750mL,1750.0,1,12.49,17035,PERNOD RICARD USA
3390,Cold River Blueberry Vodka,29.99,750mL,750.0,1,22.55,4425,MARTIGNETTI COMPANIES
3396,Smirnoff Vanilla Vodka,22.99,1750mL,1750.0,1,13.73,3960,DIAGEO NORTH AMERICA INC
3397,Ciroc Red Berry Vodka,24.99,750mL,750.0,1,18.24,3960,DIAGEO NORTH AMERICA INC
3404,Skinnygirl Vodka,19.99,750mL,750.0,1,13.33,12546,JIM BEAM BRANDS COMPANY
3405,Tito's Handmade Vodka,28.99,1750mL,1750.0,1,23.19,4425,MARTIGNETTI COMPANIES
3408,Ketel One Oranje,24.99,750mL,750.0,1,15.62,3960,DIAGEO NORTH AMERICA INC
3409,Crystal Head Vodka,44.99,750mL,750.0,1,32.14,9165,ULTRA BEVERAGE COMPANY LLP
3410,American Harvest Organic,19.99,750mL,750.0,1,12.31,3089,SIDNEY FRANK IMPORTING CO
3412,Skyy Infusions Pineapple,12.99,750mL,750.0,1,9.28,11567,CAMPARI AMERICA
3420,New Amsterdam Coconut Vodka,9.99,750mL,750.0,1,7.93,3252,E & J GALLO WINERY
3422,Beefeater,19.99,750mL,750.0,1,15.99,17035,PERNOD RICARD USA
3423,Beefeater,26.99,1750mL,1750.0,1,21.25,17035,PERNOD RICARD USA
3424,Peligroso Cinnamon Tequila,15.99,750mL,750.0,1,11.59,3960,DIAGEO NORTH AMERICA INC
3425,Olmeca Altos Plata Tequila,20.99,750mL,750.0,1,15.55,17035,PERNOD RICARD USA
3427,Stolichnaya Blueberi,24.99,1750mL,1750.0,1,17.85,8664,"STOLI GROUP,(USA) LLC"
3432,Capri Natura Limoncello,17.99,750mL,750.0,1,13.04,7153,PINE STATE TRADING CO
3436,Bombay Dry Gin,26.99,1750mL,1750.0,1,18.79,480,BACARDI USA INC
3437,Bombay Dry Gin,19.99,750mL,750.0,1,13.84,480,BACARDI USA INC
3444,Hornitos Plata Tequila,39.99,1750mL,1750.0,1,29.13,12546,JIM BEAM BRANDS COMPANY
3451,Smirnoff Root Beer Float,12.99,750mL,750.0,1,7.53,3960,DIAGEO NORTH AMERICA INC
3452,Vanya Light Vodka,6.99,1750mL,1750.0,1,5.55,9552,M S WALKER INC
3453,Smirnoff Sours Green Apple,9.49,750mL,750.0,1,7.3,3960,DIAGEO NORTH AMERICA INC
3456,Tanqueray Sterling Vodka,18.99,1750mL,1750.0,1,13.27,3960,DIAGEO NORTH AMERICA INC
3457,Olmeca Altos Plata Tequila,34.99,1750mL,1750.0,1,22.38,17035,PERNOD RICARD USA
3458,Ciroc Amaretto Vodka,19.99,750mL,750.0,1,15.14,3960,DIAGEO NORTH AMERICA INC
3462,Absolut Ruby Red,16.99,750mL,750.0,1,13.07,17035,PERNOD RICARD USA
3464,UV Blue Raspberry Vodka,13.99,1750mL,1750.0,1,10.06,9206,PHILLIPS PRODUCTS CO.
3472,Cazadores Blanco Tequila,16.99,750mL,750.0,1,11.1,480,BACARDI USA INC
3476,Reyka Vodka,19.99,750mL,750.0,1,15.5,3664,WILLIAM GRANT & SONS INC
3483,Kru 82 Vodka,13.99,750mL,750.0,1,10.21,9625,WESTERN SPIRITS BEVERAGE CO
3485,Luksusowa Potato Vodka,19.99,1750mL,1750.0,1,15.03,4425,MARTIGNETTI COMPANIES
3486,Tanqueray,12.99,375mL,375.0,1,9.84,3960,DIAGEO NORTH AMERICA INC
3487,Stolichnaya Blueberi,16.99,750mL,750.0,1,12.77,8664,"STOLI GROUP,(USA) LLC"
3488,Tanqueray,23.99,750mL,750.0,1,15.62,3960,DIAGEO NORTH AMERICA INC
3489,Tanqueray,27.99,1750mL,1750.0,1,20.73,3960,DIAGEO NORTH AMERICA INC
3492,Absolut Hibiskus,17.99,750mL,750.0,1,11.36,17035,PERNOD RICARD USA
3495,Ketel One Citroen Vodka,38.99,1750mL,1750.0,1,23.52,3960,DIAGEO NORTH AMERICA INC
3497,Johnnie Walker Platinum,94.99,750mL,750.0,1,73.07,3960,DIAGEO NORTH AMERICA INC
3498,Baileys Vanilla Cinnamon,19.99,750mL,750.0,1,14.72,3960,DIAGEO NORTH AMERICA INC
3500,Tito's Handmade Vodka,1.49,50mL,50.0,1,1.07,4425,MARTIGNETTI COMPANIES
3502,Pinnacle Vodka,10.99,750mL,750.0,1,8.14,12546,JIM BEAM BRANDS COMPANY
3503,Smirnoff Sorbet Rasp/Pomegra,10.99,750mL,750.0,1,8.2,3960,DIAGEO NORTH AMERICA INC
3505,Tito's Handmade Vodka,18.99,750mL,750.0,1,13.76,4425,MARTIGNETTI COMPANIES
3510,Smirnoff Light Lemon Sorbet,10.99,750mL,750.0,1,8.65,3960,DIAGEO NORTH AMERICA INC
3511,New Amsterdam Vodka,9.99,750mL,750.0,1,7.24,3252,E & J GALLO WINERY
3512,Pinnacle Vodka,16.99,1750mL,1750.0,1,11.76,12546,JIM BEAM BRANDS COMPANY
3513,Ciroc Snap Frost Vodka,24.99,750mL,750.0,1,17.98,3960,DIAGEO NORTH AMERICA INC
3515,Skyy Infusions Citrus Vodka,19.99,1750mL,1750.0,1,15.5,11567,CAMPARI AMERICA
3517,Smirnoff Sorbet Mango/Pasion,10.99,750mL,750.0,1,6.83,3960,DIAGEO NORTH AMERICA INC
3518,Cabot Trail Maple Whisky,21.99,750mL,750.0,1,15.74,9165,ULTRA BEVERAGE COMPANY LLP
3522,Platinum 7X Distilled Vodka,12.99,1750mL,1750.0,1,9.62,8004,SAZERAC CO INC
3524,Pravda Polish Vodka,19.99,750mL,750.0,1,14.7,4380,CHARLES JACQUIN ET CIE INC
3527,Reyka Vodka,29.99,1750mL,1750.0,1,21.87,3664,WILLIAM GRANT & SONS INC
3528,Don Felix Anejo Tequila,39.99,750mL,750.0,1,31.24,5455,MARSALLE COMPANY
3529,U V Vodka,13.99,1750mL,1750.0,1,10.14,9206,PHILLIPS PRODUCTS CO.
3530,Pinnacle Peach Vodka,9.99,750mL,750.0,1,6.93,12546,JIM BEAM BRANDS COMPANY
3532,Milagro Reposado Tequila,27.99,750mL,750.0,1,20.58,3664,WILLIAM GRANT & SONS INC
3533,Lidestri Pink Limoncello,17.99,750mL,750.0,1,13.23,7153,PINE STATE TRADING CO
3534,Milagro Silver Tequila,23.99,750mL,750.0,1,18.17,3664,WILLIAM GRANT & SONS INC
3539,MacGavin's Highland Scotch,24.99,750mL,750.0,1,13.13,5455,MARSALLE COMPANY
3545,Ketel One Vodka,29.99,1750mL,1750.0,1,21.89,3960,DIAGEO NORTH AMERICA INC
3547,Ketel One Vodka,2.79,50mL,50.0,1,2.2,3960,DIAGEO NORTH AMERICA INC
3549,Ketel One Vodka,26.99,750mL,750.0,1,17.82,3960,DIAGEO NORTH AMERICA INC
3560,Ciroc Amaretto Vodka,11.99,375mL,375.0,1,9.52,3960,DIAGEO NORTH AMERICA INC
3563,Smirnoff Sours Fruit Punch,9.49,750mL,750.0,1,7.3,3960,DIAGEO NORTH AMERICA INC
3564,Ciroc Amaretto Vodka,47.99,1750mL,1750.0,1,36.08,3960,DIAGEO NORTH AMERICA INC
3565,Ultimat Vodka,38.99,750mL,750.0,1,25.98,9165,ULTRA BEVERAGE COMPANY LLP
3571,Absolut Vanilia,1.99,50mL,50.0,1,1.47,17035,PERNOD RICARD USA
3572,Pinnacle Habanero Vodka,10.99,750mL,750.0,1,7.68,12546,JIM BEAM BRANDS COMPANY
3578,Stolichnaya Elit Vodka,49.99,750mL,750.0,1,36.49,8664,"STOLI GROUP,(USA) LLC"
3579,Ciroc Pineapple Vodka,11.99,375mL,375.0,1,8.88,3960,DIAGEO NORTH AMERICA INC
3580,Smirnoff Orange Vodka,10.99,750mL,750.0,1,8.08,3960,DIAGEO NORTH AMERICA INC
3583,Smirnoff Orange Vodka,22.99,1750mL,1750.0,1,13.23,3960,DIAGEO NORTH AMERICA INC
3584,Absolut Raspberri,16.99,750mL,750.0,1,12.49,17035,PERNOD RICARD USA
3591,Absolut Vanilia,16.99,750mL,750.0,1,13.48,17035,PERNOD RICARD USA
3593,Smirnoff Blue 100 Proof Trav,26.99,1750mL,1750.0,1,21.42,3960,DIAGEO NORTH AMERICA INC
3595,Smirnoff Blue 100 Proof,15.99,750mL,750.0,1,12.02,3960,DIAGEO NORTH AMERICA INC
3597,UV Sangria Vodka,8.99,750mL,750.0,1,6.51,9206,PHILLIPS PRODUCTS CO.
3601,Remy Martin V,36.99,750mL,750.0,1,26.61,7239,REMY COINTREAU USA INC
3606,Smirnoff Raspberry Vodka,0.99,50mL,50.0,1,0.74,3960,DIAGEO NORTH AMERICA INC
3607,Smirnoff Citrus Vodka,0.99,50mL,50.0,1,0.72,3960,DIAGEO NORTH AMERICA INC
3608,Smirnoff Orange Vodka,0.99,50mL,50.0,1,0.72,3960,DIAGEO NORTH AMERICA INC
3609,Smirnoff Vanilla Vodka,0.99,50mL,50.0,1,0.74,3960,DIAGEO NORTH AMERICA INC
3610,Smirnoff Cranberry Vodka,10.99,750mL,750.0,1,8.26,3960,DIAGEO NORTH AMERICA INC
3612,Taaka Vodka,9.99,1750mL,1750.0,1,6.81,8004,SAZERAC CO INC
3614,Finlandia Vodka,19.99,1750mL,1750.0,1,15.99,1128,BROWN-FORMAN CORP
3615,Bacardi Anejo Mexican Rum,18.99,750mL,750.0,1,11.02,480,BACARDI USA INC
3617,Olmeca Altos Reposado,21.99,750mL,750.0,1,15.82,17035,PERNOD RICARD USA
3618,Pinnacle Mimosa Vodka,10.99,750mL,750.0,1,7.29,12546,JIM BEAM BRANDS COMPANY
3620,Powers Signature Release,39.99,750mL,750.0,1,31.99,17035,PERNOD RICARD USA
3622,Spud Potato Vodka,19.99,750mL,750.0,1,14.45,10050,Russian Standard Vodka
3625,Absolut 80 Proof,16.99,750mL,750.0,1,12.59,17035,PERNOD RICARD USA
3626,Sauza Extra Gold Tequila,12.99,750mL,750.0,1,10.39,12546,JIM BEAM BRANDS COMPANY
3627,Absolut 80 Proof,13.99,375mL,375.0,1,9.37,17035,PERNOD RICARD USA
3629,Flag Hill White Rum,25.99,750mL,750.0,1,20.63,17031,FLAG HILL WINERY & VINEYARD
3630,Stolichnaya Razberi,24.99,1750mL,1750.0,1,19.83,8664,"STOLI GROUP,(USA) LLC"
3636,Dr McGillicuddy's Mentholmnt,7.49,375mL,375.0,1,5.03,8004,SAZERAC CO INC
3637,Zhenka Vodka Plastic,5.29,750mL,750.0,1,3.89,9552,M S WALKER INC
3640,Belvedere Cytrus Vodka,22.99,750mL,750.0,1,16.54,8112,MOET HENNESSY USA INC
3643,Caldwells Vodka,12.49,1750mL,1750.0,1,7.71,9552,M S WALKER INC
3648,UV Ruby Red Grapefruit Vodka,8.99,750mL,750.0,1,6.05,9206,PHILLIPS PRODUCTS CO.
3650,Patron Silver Tequila,48.99,750mL,750.0,1,33.81,9165,ULTRA BEVERAGE COMPANY LLP
3651,Belvedere Vodka,3.99,50mL,50.0,1,2.93,8112,MOET HENNESSY USA INC
3652,Ciroc Pineapple Vodka,47.99,1750mL,1750.0,1,37.79,3960,DIAGEO NORTH AMERICA INC
3654,Patron Reposado Tequila,53.99,750mL,750.0,1,39.39,9165,ULTRA BEVERAGE COMPANY LLP
3656,Stolichnaya Vanil,24.99,1750mL,1750.0,1,19.99,8664,"STOLI GROUP,(USA) LLC"
3658,Patron Anejo Tequila,58.99,750mL,750.0,1,41.9,9165,ULTRA BEVERAGE COMPANY LLP
3663,Tarantula Azul Tequila,13.99,750mL,750.0,1,10.76,5992,MCCORMICK DISTILLING CO
3667,Boru Original Irish Vodka,17.99,1750mL,1750.0,1,13.13,1485,CASTLE BRANDS CORP.
3668,Belvedere Polish Vodka,42.99,1750mL,1750.0,1,34.12,8112,MOET HENNESSY USA INC
3672,Shady Fruit Real Ruby Red Gr,11.99,750mL,750.0,1,8.26,3960,DIAGEO NORTH AMERICA INC
3677,Shady Fruit Valencia Orange,11.99,750mL,750.0,1,8.59,3960,DIAGEO NORTH AMERICA INC
3679,Chopin Vodka,19.99,750mL,750.0,1,14.49,6213,MHW LTD
3680,Stolichnaya Ohranj,24.99,1750mL,1750.0,1,18.93,8664,"STOLI GROUP,(USA) LLC"
3682,Belvedere Vodka,22.99,750mL,750.0,1,16.66,8112,MOET HENNESSY USA INC
3683,Stolichnaya Ohranj,16.99,750mL,750.0,1,13.17,8664,"STOLI GROUP,(USA) LLC"
3684,Fleischmanns Royal Vodka,9.99,1750mL,1750.0,1,7.68,660,SAZERAC NORTH AMERICA INC.
3687,Fleischmanns Royal Traveler,5.99,750mL,750.0,1,3.84,660,SAZERAC NORTH AMERICA INC.
3688,Bowman's Light Vodka,5.99,1750mL,1750.0,1,3.56,8004,SAZERAC CO INC
3689,Stolichnaya Vanil,16.99,750mL,750.0,1,12.77,8664,"STOLI GROUP,(USA) LLC"
3690,Tanqueray Ten Gin,29.99,750mL,750.0,1,22.39,3960,DIAGEO NORTH AMERICA INC
3693,Smirnoff Ruby Red Grapefruit,10.99,750mL,750.0,1,8.72,3960,DIAGEO NORTH AMERICA INC
3694,Stolichnaya Razberi,16.99,750mL,750.0,1,13.48,8664,"STOLI GROUP,(USA) LLC"
3695,Rain Organics Vodka,11.99,750mL,750.0,1,7.68,8004,SAZERAC CO INC
3696,Gilbeys Vodka,10.49,1750mL,1750.0,1,7.6,12546,JIM BEAM BRANDS COMPANY
3699,Chopin Vodka,39.99,1750mL,1750.0,1,31.0,6213,MHW LTD
3701,UV Sangria Vodka,0.99,50mL,50.0,1,0.79,9206,PHILLIPS PRODUCTS CO.
3704,Ciroc Pineapple Vodka,24.99,750mL,750.0,1,18.37,3960,DIAGEO NORTH AMERICA INC
3706,Pinnacle Citrus Vodka,16.99,1750mL,1750.0,1,13.07,12546,JIM BEAM BRANDS COMPANY
3707,Smirnoff Ruby Red Grapefruit,0.99,50mL,50.0,1,0.74,3960,DIAGEO NORTH AMERICA INC
3716,Don Eduardo Anejo Tequila,29.99,750mL,750.0,1,21.42,1128,BROWN-FORMAN CORP
3719,Smirnoff Lime Vodka,10.99,750mL,750.0,1,7.36,3960,DIAGEO NORTH AMERICA INC
3722,Finlandia Grapefruit Fusion,14.99,750mL,750.0,1,9.02,1128,BROWN-FORMAN CORP
3724,Absolut Citron,16.99,750mL,750.0,1,12.31,17035,PERNOD RICARD USA
3725,Three Olives Pomegranate,12.99,750mL,750.0,1,9.35,7245,PROXIMO SPIRITS INC.
3726,Gilbeys Vodka Traveler,4.99,750mL,750.0,1,3.78,12546,JIM BEAM BRANDS COMPANY
3727,Absolut Citron,1.99,50mL,50.0,1,1.47,17035,PERNOD RICARD USA
3728,Absolut Citron,24.99,1750mL,1750.0,1,18.93,17035,PERNOD RICARD USA
3729,Three Olives Whipped Cream,14.99,750mL,750.0,1,8.59,7245,PROXIMO SPIRITS INC.
3730,UV Ruby Red Grapefruit Vodka,0.99,50mL,50.0,1,0.73,9206,PHILLIPS PRODUCTS CO.
3731,Absolut Apeach,16.99,750mL,750.0,1,13.38,17035,PERNOD RICARD USA
3733,Patron Silver Tequila,109.99,1750mL,1750.0,1,83.96,9165,ULTRA BEVERAGE COMPANY LLP
3736,Smirnoff Cherry Vodka,10.99,750mL,750.0,1,8.2,3960,DIAGEO NORTH AMERICA INC
3738,Three Olives Chocolate Vodka,11.99,750mL,750.0,1,9.29,7245,PROXIMO SPIRITS INC.
3739,Three Olives Orange Vodka,12.99,750mL,750.0,1,9.92,7245,PROXIMO SPIRITS INC.
3743,Smirnoff Sorbet Pine/Coconut,10.99,750mL,750.0,1,8.02,3960,DIAGEO NORTH AMERICA INC
3745,Taaka Vodka Traveler,3.99,750mL,750.0,1,3.07,8004,SAZERAC CO INC
3746,Gordons Vodka 80 Proof,12.99,1750mL,1750.0,1,8.52,3960,DIAGEO NORTH AMERICA INC
3747,Gordons Vodka Traveler,6.99,750mL,750.0,1,5.18,3960,DIAGEO NORTH AMERICA INC
3754,Smirnoff Blueberry Vodka,10.99,750mL,750.0,1,8.79,3960,DIAGEO NORTH AMERICA INC
3755,Russian Standard Original,16.99,750mL,750.0,1,12.02,10050,Russian Standard Vodka
3758,Margaritaville Gold Tequila,22.99,1750mL,1750.0,1,14.59,8004,SAZERAC CO INC
3760,Absolut Pears,16.99,750mL,750.0,1,12.49,17035,PERNOD RICARD USA
3762,Patron Silver Tequila,5.99,50mL,50.0,1,4.61,9165,ULTRA BEVERAGE COMPANY LLP
3763,Patron Anejo Tequila,29.99,375mL,375.0,1,20.28,9165,ULTRA BEVERAGE COMPANY LLP
3764,Patron Reposado Tequila,28.99,375mL,375.0,1,20.76,9165,ULTRA BEVERAGE COMPANY LLP
3765,Three Olives Citrus Vodka,12.99,750mL,750.0,1,9.37,7245,PROXIMO SPIRITS INC.
3766,Three Olives Grape Vodka,12.99,750mL,750.0,1,9.35,7245,PROXIMO SPIRITS INC.
3768,Jenkins Vodka,5.99,750mL,750.0,1,3.62,9552,M S WALKER INC
3769,Jenkins Vodka,9.49,1750mL,1750.0,1,7.02,9552,M S WALKER INC
3770,Miodula Honey Vodka,22.99,750mL,750.0,1,14.17,90037,THE PIERPONT GROUP LLC
3773,General John Stark Vodka,29.99,750mL,750.0,1,21.73,17031,FLAG HILL WINERY & VINEYARD
3776,Jose Cuervo Especial Silver,25.99,1750mL,1750.0,1,18.56,7245,PROXIMO SPIRITS INC.
3779,Three Olives Cherry Vodka,12.99,750mL,750.0,1,9.35,7245,PROXIMO SPIRITS INC.
3780,Three Olives Raspberry Vodk,12.99,750mL,750.0,1,10.31,7245,PROXIMO SPIRITS INC.
3781,Three Olives Vanilla Vodka,11.99,750mL,750.0,1,9.29,7245,PROXIMO SPIRITS INC.
3782,Grey Goose Le Citron Vodka,23.99,750mL,750.0,1,18.89,480,BACARDI USA INC
3784,Margaritaville Gold Tequila,11.99,750mL,750.0,1,7.29,8004,SAZERAC CO INC
3785,Svedka Orange Cream Pop,12.99,750mL,750.0,1,6.98,1392,CONSTELLATION BRANDS INC
3787,Jose Cuervo Especial Silver,16.99,750mL,750.0,1,11.8,7245,PROXIMO SPIRITS INC.
3788,Patron Silver Tequila,27.99,375mL,375.0,1,19.99,9165,ULTRA BEVERAGE COMPANY LLP
3790,Don Julio Blanco Tequila,45.99,750mL,750.0,1,35.65,3960,DIAGEO NORTH AMERICA INC
3791,Jose Cuervo Especial Silver,10.99,375mL,375.0,1,6.56,7245,PROXIMO SPIRITS INC.
3792,Jose Cuervo La Familia Rsv,99.99,750mL,750.0,1,71.42,7245,PROXIMO SPIRITS INC.
3793,Pearl Vodka PET,17.99,1750mL,1750.0,1,11.8,8352,LUXCO INC
3794,Cabo Wabo Reposado Tequila,36.99,750mL,750.0,1,27.77,11567,CAMPARI AMERICA
3797,Skinnygirl Sweet'Arita,16.99,1750mL,1750.0,1,12.77,12546,JIM BEAM BRANDS COMPANY
3800,Don Julio Anejo Tequila,53.99,750mL,750.0,1,42.85,3960,DIAGEO NORTH AMERICA INC
3802,Three Olives Vodka,18.99,1750mL,1750.0,1,13.43,7245,PROXIMO SPIRITS INC.
3804,Svedka Vodka,12.99,750mL,750.0,1,7.63,1392,CONSTELLATION BRANDS INC
3808,Three Olives Vodka,12.99,750mL,750.0,1,9.55,7245,PROXIMO SPIRITS INC.
3809,Svedka Colada Vodka,12.99,750mL,750.0,1,7.19,1392,CONSTELLATION BRANDS INC
3811,Absolut Spark Vodka,16.99,750mL,750.0,1,12.68,17035,PERNOD RICARD USA
3815,Solid Granite Vodka,27.99,750mL,750.0,1,21.53,28750,SMOKY QUARTZ DISTILLERY LLC
3818,Cabo Wabo Blanco Tequila,29.99,750mL,750.0,1,21.73,11567,CAMPARI AMERICA
3820,Smirnoff Citrus Vodka,22.99,1750mL,1750.0,1,13.33,3960,DIAGEO NORTH AMERICA INC
3821,Smirnoff Vanilla Vodka,10.99,750mL,750.0,1,8.2,3960,DIAGEO NORTH AMERICA INC
3826,Skyy Vodka,19.99,1750mL,1750.0,1,15.74,11567,CAMPARI AMERICA
3827,Popov Vodka,12.99,1750mL,1750.0,1,9.28,3960,DIAGEO NORTH AMERICA INC
3830,Grey Goose L'Orange Vodka,23.99,750mL,750.0,1,18.45,480,BACARDI USA INC
3834,Skyy Vodka,12.99,750mL,750.0,1,10.23,11567,CAMPARI AMERICA
3835,Smirnoff Raspberry Vodka,10.99,750mL,750.0,1,8.2,3960,DIAGEO NORTH AMERICA INC
3836,Smirnoff Citrus Vodka,10.99,750mL,750.0,1,7.91,3960,DIAGEO NORTH AMERICA INC
3837,Skyy Vodka,0.99,50mL,50.0,1,0.72,11567,CAMPARI AMERICA
3840,Smirnoff Raspberry Vodka,22.99,1750mL,1750.0,1,14.39,3960,DIAGEO NORTH AMERICA INC
3847,Grey Goose Vodka,3.79,50mL,50.0,1,2.81,480,BACARDI USA INC
3851,Grey Goose Vodka,15.99,375mL,375.0,1,12.02,480,BACARDI USA INC
3857,Grey Goose Vodka,49.99,1750mL,1750.0,1,38.27,480,BACARDI USA INC
3858,Grey Goose Vodka,23.99,750mL,750.0,1,17.77,480,BACARDI USA INC
3859,Smirnoff 80 Proof,8.99,375mL,375.0,1,6.81,3960,DIAGEO NORTH AMERICA INC
3863,Evan Williams Honey Reserve,24.99,1750mL,1750.0,1,15.5,3924,HEAVEN HILL DISTILLERIES
3870,Montelobos Mezcal,36.99,750mL,750.0,1,28.02,3664,WILLIAM GRANT & SONS INC
3871,Smirnoff Watermelon Vodka,10.99,750mL,750.0,1,8.2,3960,DIAGEO NORTH AMERICA INC
3876,Smirnoff 80 Proof,19.99,1750mL,1750.0,1,13.95,3960,DIAGEO NORTH AMERICA INC
3877,Smirnoff Green Apple Vodka,10.99,750mL,750.0,1,8.65,3960,DIAGEO NORTH AMERICA INC
3878,Smirnoff 80 Proof,10.99,750mL,750.0,1,7.96,3960,DIAGEO NORTH AMERICA INC
3879,Smirnoff 80 Proof Traveler,12.99,750mL,750.0,1,7.91,3960,DIAGEO NORTH AMERICA INC
3881,Finlandia Mango Fusion,16.99,750mL,750.0,1,13.17,1128,BROWN-FORMAN CORP
3882,Smirnoff Strawberry Vodka,10.99,750mL,750.0,1,8.79,3960,DIAGEO NORTH AMERICA INC
3883,Hornitos Lime Shot Tequila,20.99,750mL,750.0,1,15.43,12546,JIM BEAM BRANDS COMPANY
3884,Bracero Blanco Tequila,34.99,750mL,750.0,1,25.92,7153,PINE STATE TRADING CO
3887,Wolfschmidt Vodka 80 Proof,10.99,1750mL,1750.0,1,8.65,8352,LUXCO INC
3889,Wolfschmidt Vodka Plastic,6.49,750mL,750.0,1,3.7,8352,LUXCO INC
3890,Absolut Peppar,16.99,750mL,750.0,1,12.59,17035,PERNOD RICARD USA
3892,Zhenka Vodka 80 Proof,3.99,750mL,750.0,1,2.18,9552,M S WALKER INC
3893,Zhenka 80 Proof,9.99,1750mL,1750.0,1,7.93,9552,M S WALKER INC
3894,Zhenka Vodka 100 Proof,13.49,1750mL,1750.0,1,9.08,9552,M S WALKER INC
3896,Zhenka Vodka,3.29,375mL,375.0,1,2.63,9552,M S WALKER INC
3899,Platinum 7X Distilled Vodka,2.99,375mL,375.0,1,2.2,8004,SAZERAC CO INC
3900,Bracero Reposado Tequila,38.99,750mL,750.0,1,29.76,7153,PINE STATE TRADING CO
3903,Skinnygirl Wh Cherry Vodka,19.99,750mL,750.0,1,11.59,12546,JIM BEAM BRANDS COMPANY
3910,Hornitos Plata Tequila,11.49,375mL,375.0,1,8.84,12546,JIM BEAM BRANDS COMPANY
3913,Svedka Vodka,17.99,1750mL,1750.0,1,14.28,1392,CONSTELLATION BRANDS INC
3915,Sauza Silver Tequila,14.99,750mL,750.0,1,9.48,12546,JIM BEAM BRANDS COMPANY
3918,Cabo Wabo Anejo Tequila,42.99,750mL,750.0,1,33.07,11567,CAMPARI AMERICA
3919,Hornitos Reposado Tequila,12.99,375mL,375.0,1,8.45,12546,JIM BEAM BRANDS COMPANY
3921,Espolon Reposado Tequila,26.99,750mL,750.0,1,17.9,11567,CAMPARI AMERICA
3923,Don Julio 1942 Anejo Tequila,133.99,750mL,750.0,1,106.34,3960,DIAGEO NORTH AMERICA INC
3924,Espolon Blanco Tequila,26.99,750mL,750.0,1,17.38,11567,CAMPARI AMERICA
3925,Don Julio Reposado Tequila,49.99,750mL,750.0,1,37.87,3960,DIAGEO NORTH AMERICA INC
3928,Barcraft Watermelon Fresca V,15.99,750mL,750.0,1,9.52,11567,CAMPARI AMERICA
3929,Los Amantes Mezcal,49.99,750mL,750.0,1,31.15,6785,PALM BAY INTERNATIONAL INC
3930,Deep Eddy Vodka,15.99,750mL,750.0,1,12.11,3924,HEAVEN HILL DISTILLERIES
3938,Stolichnaya,16.99,750mL,750.0,1,12.49,8664,"STOLI GROUP,(USA) LLC"
3939,Boggy Meadow Switchel Vodka,29.99,750mL,750.0,1,22.55,4425,MARTIGNETTI COMPANIES
3940,Pearl Cucumber Vodka,10.99,750mL,750.0,1,6.15,8352,LUXCO INC
3941,Tres Generaciones Reposado,36.99,750mL,750.0,1,29.36,12546,JIM BEAM BRANDS COMPANY
3943,Skyy Barcraft White Sangria,15.99,750mL,750.0,1,9.59,11567,CAMPARI AMERICA
3945,Sauza Conmemorativo,17.99,750mL,750.0,1,13.84,12546,JIM BEAM BRANDS COMPANY
3947,Herradura Anejo Tequila,45.99,750mL,750.0,1,34.84,1128,BROWN-FORMAN CORP
3951,Hornitos Reposado Tequila,2.49,50mL,50.0,1,1.83,12546,JIM BEAM BRANDS COMPANY
3952,Belvedere Mango Passion,22.99,750mL,750.0,1,16.42,8112,MOET HENNESSY USA INC
3959,Hornitos Black Barrel,24.99,750mL,750.0,1,18.24,12546,JIM BEAM BRANDS COMPANY
3960,Tortilla Gold Tequila Liquer,11.99,1750mL,1750.0,1,9.52,8004,SAZERAC CO INC
3961,Grey Goose La Poire Vodka,23.99,750mL,750.0,1,18.17,480,BACARDI USA INC
3962,Vikingfjord Vodka,21.99,1750mL,1750.0,1,11.93,4692,KOBRAND CORPORATION
3967,Deep Eddy Ruby Red,15.99,750mL,750.0,1,11.76,3924,HEAVEN HILL DISTILLERIES
3969,Jose Cuervo Tradicional,18.49,750mL,750.0,1,14.67,7245,PROXIMO SPIRITS INC.
3970,El Toro Gold,9.29,750mL,750.0,1,6.78,660,SAZERAC NORTH AMERICA INC.
3978,Square One Bergamot Organic,29.99,750mL,750.0,1,19.69,9165,ULTRA BEVERAGE COMPANY LLP
3980,Hornitos Reposado Tequila,39.99,1750mL,1750.0,1,31.99,12546,JIM BEAM BRANDS COMPANY
3981,Three Olives Berry Vodka,11.99,750mL,750.0,1,9.37,7245,PROXIMO SPIRITS INC.
3982,Hornitos Reposado Tequila,19.99,750mL,750.0,1,14.38,12546,JIM BEAM BRANDS COMPANY
3984,Sauza Tres Generacions Anejo,44.99,750mL,750.0,1,32.3,12546,JIM BEAM BRANDS COMPANY
3989,Deep Eddy Lemon Vodka,15.99,750mL,750.0,1,11.93,3924,HEAVEN HILL DISTILLERIES
3997,Hornitos Plata Tequila,19.99,750mL,750.0,1,14.05,12546,JIM BEAM BRANDS COMPANY
3998,Monte Alban Mezcal,19.99,750mL,750.0,1,13.63,660,SAZERAC NORTH AMERICA INC.
3999,Hornitos Anejo Tequila,21.99,750mL,750.0,1,15.93,12546,JIM BEAM BRANDS COMPANY
4010,Armorik Single Malt Whiskey,59.99,750mL,750.0,1,45.11,10754,PERFECTA WINES
4018,Papa's Pilar Dark Rum,39.99,750mL,750.0,1,26.46,9165,ULTRA BEVERAGE COMPANY LLP
4020,Clement Creole Shrubb Orange,28.99,750mL,750.0,1,15.9,9165,ULTRA BEVERAGE COMPANY LLP
4025,Bacardi Oakheart Spiced Rum,1.79,50mL,50.0,1,1.37,480,BACARDI USA INC
4034,Pura Vida Silver Tequila,39.99,750mL,750.0,1,26.66,9165,ULTRA BEVERAGE COMPANY LLP
4040,Clement Select Barrel Rhum,24.99,750mL,750.0,1,17.98,9165,ULTRA BEVERAGE COMPANY LLP
4041,Gran Patron Piedra,399.99,750mL,750.0,1,285.71,9165,ULTRA BEVERAGE COMPANY LLP
4044,Calico Jack Mango Rum,12.99,1750mL,1750.0,1,9.62,12546,JIM BEAM BRANDS COMPANY
4050,Bacardi Oakheart Spiced Rum,11.99,750mL,750.0,1,8.72,480,BACARDI USA INC
4054,Patron XO Cafe Liqueur,14.99,375mL,375.0,1,9.41,9165,ULTRA BEVERAGE COMPANY LLP
4062,Goslings Dark'N Stormy RTD,7.99,250mL 4 Pk,250.0,1,5.83,1485,CASTLE BRANDS CORP.
4064,Calico Jack Pin/Coc Rum,12.99,1750mL,1750.0,1,9.41,12546,JIM BEAM BRANDS COMPANY
4066,Bacardi Oakheart Spiced Rum,21.99,1750mL,1750.0,1,12.85,480,BACARDI USA INC
4075,Bacardi Pineapple Fusion,19.99,1750mL,1750.0,1,15.87,480,BACARDI USA INC
4089,Capt Morgan White,22.99,1750mL,1750.0,1,14.59,3960,DIAGEO NORTH AMERICA INC
4091,Mount Gay Black Barrel Rum,27.99,750mL,750.0,1,21.7,7239,REMY COINTREAU USA INC
4101,Flipflop Silver Rum,11.99,750mL,750.0,1,6.97,9815,WINE GROUP INC
4103,Capt Morgan White,14.99,750mL,750.0,1,11.19,3960,DIAGEO NORTH AMERICA INC
4105,Patron XO Cafe Variety 3 Pak,6.99,50mL 3 Pk,50.0,1,5.07,9165,ULTRA BEVERAGE COMPANY LLP
4113,Capt Morgan White,0.99,50mL,50.0,1,0.74,3960,DIAGEO NORTH AMERICA INC
4130,Kraken Black Spiced Rum,10.99,375mL,375.0,1,6.81,7245,PROXIMO SPIRITS INC.
4131,Sea Hagg Blueberry Rum,27.99,750mL,750.0,1,21.87,8150,SEA HAGG DISTILLERY LLC
4135,Smirnoff Blueberry Vodka,0.99,50mL,50.0,1,0.78,3960,DIAGEO NORTH AMERICA INC
4141,Wild Turkey American Honey,0.99,50mL,50.0,1,0.71,11567,CAMPARI AMERICA
4145,Don Q Cristal Rum,19.99,1750mL,1750.0,1,12.68,98450,Serralles Usa LLC
4148,Fattoria de Limone,22.99,750mL,750.0,1,12.3,10754,PERFECTA WINES
4149,Sailor Jerry Spiced Navy Rum,1.49,50mL,50.0,1,1.16,3664,WILLIAM GRANT & SONS INC
4150,Shellback Spiced Rum,11.99,750mL,750.0,1,8.63,3252,E & J GALLO WINERY
4152,Jenkins Rum,5.99,750mL,750.0,1,3.75,9552,M S WALKER INC
4153,Jenkins Rum,11.99,1750mL,1750.0,1,9.59,9552,M S WALKER INC
4157,Smirnoff Green Apple Vodka,0.99,50mL,50.0,1,0.72,3960,DIAGEO NORTH AMERICA INC
4174,Kraken Black Spiced Rum,29.99,1750mL,1750.0,1,21.59,7245,PROXIMO SPIRITS INC.
4176,Blackheart Spiced Rum,10.99,750mL,750.0,1,8.02,3924,HEAVEN HILL DISTILLERIES
4178,Fabrizia Limoncello,10.99,375mL,375.0,1,7.46,1655,FABRIZIA SPIRITS LLC
4179,Bacardi Dragon Berry Rum,19.99,1750mL,1750.0,1,15.14,480,BACARDI USA INC
4181,Calypso Spiced Rum,11.99,1750mL,1750.0,1,9.37,660,SAZERAC NORTH AMERICA INC.
4187,Kraken Black Spiced Rum,17.99,750mL,750.0,1,12.85,7245,PROXIMO SPIRITS INC.
4190,Boca Loca Cachaca,24.99,750mL,750.0,1,19.52,4425,MARTIGNETTI COMPANIES
4194,Calico Jack Coconut Rum,12.99,1750mL,1750.0,1,9.48,12546,JIM BEAM BRANDS COMPANY
4195,Calico Jack Spiced Rum No 94,10.99,750mL,750.0,1,8.65,12546,JIM BEAM BRANDS COMPANY
4196,Bacardi Dragon Berry Rum,11.99,750mL,750.0,1,7.46,480,BACARDI USA INC
4197,Sailor Jerry Spiced Rum Trav,18.99,750mL,750.0,1,13.07,3664,WILLIAM GRANT & SONS INC
4198,Sailor Jerry Spiced Navy Rum,24.99,1750mL,1750.0,1,17.51,3664,WILLIAM GRANT & SONS INC
4199,Sauza Blanco Tequila,23.99,1750mL,1750.0,1,16.92,12546,JIM BEAM BRANDS COMPANY
4200,Bacardi Grand Melon,11.99,750mL,750.0,1,7.68,480,BACARDI USA INC
4201,Calico Jack Silver Rum,12.99,1750mL,1750.0,1,9.55,12546,JIM BEAM BRANDS COMPANY
4204,Bacardi Coco Rum,11.99,750mL,750.0,1,7.74,480,BACARDI USA INC
4211,Cruzan Passion Fruit Rum,9.99,750mL,750.0,1,7.8,12546,JIM BEAM BRANDS COMPANY
4218,Sailor Jerry Spiced Navy Rum,16.99,750mL,750.0,1,12.31,3664,WILLIAM GRANT & SONS INC
4219,Commander Quincy's Rum Toddy,13.99,750mL,750.0,1,10.68,7153,PINE STATE TRADING CO
4221,Bacardi Gold Rum Traveler,17.99,1750mL,1750.0,1,12.94,480,BACARDI USA INC
4222,Bacardi Gold Rum,11.99,750mL,750.0,1,7.99,480,BACARDI USA INC
4223,Bacardi Gold Rum,19.99,1750mL,1750.0,1,14.92,480,BACARDI USA INC
4224,Goslings Black Seal Rum 80,14.99,750mL,750.0,1,11.44,1485,CASTLE BRANDS CORP.
4225,Goslings Black Seal Bermuda,24.99,1750mL,1750.0,1,18.37,1485,CASTLE BRANDS CORP.
4226,Bacardi Superior Rum Trav,13.99,750mL,750.0,1,7.68,480,BACARDI USA INC
4227,Bacardi Superior Rum Trav,17.99,1750mL,1750.0,1,14.17,480,BACARDI USA INC
4228,Bacardi 8,19.99,750mL,750.0,1,14.7,480,BACARDI USA INC
4229,Bacardi Black,19.99,1750mL,1750.0,1,14.7,480,BACARDI USA INC
4230,Pumpkin Face Rum,34.99,750mL,750.0,1,25.92,4425,MARTIGNETTI COMPANIES
4234,Bacardi Pineapple Fusion,11.99,750mL,750.0,1,7.99,480,BACARDI USA INC
4241,Capt Morgan Spiced Rum,1.99,50mL,50.0,1,1.47,3960,DIAGEO NORTH AMERICA INC
4243,Bacardi Superior Rum,19.99,1750mL,1750.0,1,14.49,480,BACARDI USA INC
4245,Bacardi Superior Rum,11.99,750mL,750.0,1,7.93,480,BACARDI USA INC
4246,Bacardi Superior Rum,5.49,375mL,375.0,1,4.22,480,BACARDI USA INC
4247,Bacardi Limon Rum,11.99,750mL,750.0,1,7.99,480,BACARDI USA INC
4249,Capt Morgan White Coconut,14.99,750mL,750.0,1,10.39,3960,DIAGEO NORTH AMERICA INC
4250,Zaya Grand Reserva Rum,34.99,750mL,750.0,1,27.77,9165,ULTRA BEVERAGE COMPANY LLP
4258,Bacardi Mango Fusion,11.99,750mL,750.0,1,7.35,480,BACARDI USA INC
4259,Castillo Spiced Rum,9.99,1750mL,1750.0,1,7.74,480,BACARDI USA INC
4260,Capt Morgan Original Barrel,21.99,1750mL,1750.0,1,16.66,3960,DIAGEO NORTH AMERICA INC
4261,Capt Morgan Spiced Rum,22.99,1750mL,1750.0,1,16.17,3960,DIAGEO NORTH AMERICA INC
4262,Capt Morgan Spiced Rum,13.99,750mL,750.0,1,11.19,3960,DIAGEO NORTH AMERICA INC
4263,Capt Morgan Silver Spicd Rum,16.99,750mL,750.0,1,13.27,3960,DIAGEO NORTH AMERICA INC
4264,Capt Morgan Spiced Rum Trav,16.99,750mL,750.0,1,11.53,3960,DIAGEO NORTH AMERICA INC
4265,Capt Morgan Spiced Rum,10.99,375mL,375.0,1,8.26,3960,DIAGEO NORTH AMERICA INC
4267,Bacardi Limon Rum,19.99,1750mL,1750.0,1,15.62,480,BACARDI USA INC
4268,Capt Morgan Private Stock,22.99,750mL,750.0,1,18.25,3960,DIAGEO NORTH AMERICA INC
